id,y,power(kW),quantity(kWh),odometer,consumption(kWh/100km),ecr_deviation,month,weekday,day,tire_type,city,motor_way,country_roads,driving_style,A/C,park_heating
45,-0.32028469750889677,-1.2820512820512822,-0.4367816091954022,-0.24213701294582768,-0.2660869565217393,-0.5558267904160786,0.6666666666666666,-0.3333333333333333,-0.6,3.0,1,1,1,1.0,0,1
66,-0.32028469750889677,-1.2820512820512822,-0.32183908045977,-0.5455077202799175,0.1478260869565217,-0.009955230783050599,0.8333333333333334,-0.6666666666666666,0.6,2.0,1,1,1,1.0,0,1
74,-0.32028469750889677,-1.2820512820512822,-0.4367816091954022,0.6734719765466987,-0.2660869565217393,-0.5558267904160786,0.16666666666666666,-0.6666666666666666,-0.4,3.0,1,1,1,1.0,0,0
81,-0.30249110320284694,-1.2820512820512822,-0.22988505747126428,0.1512413759082164,0.4086956521739127,0.3340814664646556,0.8333333333333334,-1.0,-0.13333333333333333,2.0,1,1,1,1.0,0,1
110,-0.6049822064056939,-1.2820512820512822,-0.5402298850574713,0.4428854325964242,0.5078260869565214,0.4648154114187842,0.6666666666666666,-1.0,-0.4666666666666667,3.0,1,0,1,1.0,0,0
178,0.13879003558718855,-0.9230769230769231,-0.08735632183908044,0.22673168944108132,-0.3373913043478263,-0.8792212858289228,0.0,1.0,-0.13333333333333333,3.0,1,1,1,1.0,0,0
217,-0.6583629893238434,-0.9230769230769231,-0.5747126436781609,1.0878653126519566,0.22608695652173894,-0.1361020197738765,1.0,0.6666666666666666,0.0,2.0,1,1,1,1.0,0,0
227,-0.30249110320284694,-1.2820512820512822,-0.2873563218390804,0.09617403928146076,0.20695652173913034,0.0680264205930962,0.5,0.6666666666666666,0.06666666666666667,2.0,1,1,1,1.0,0,0
234,-0.32028469750889677,-1.2820512820512822,-0.3908045977011494,-0.716277070310573,-0.10086956521739132,-0.3379368821591975,-0.16666666666666666,0.0,-0.06666666666666667,3.0,1,1,1,1.0,0,0
261,-0.4270462633451957,-1.2820512820512822,-0.14942528735632174,0.837419573076625,1.3130434782608698,1.526742016923372,-0.8333333333333334,1.0,0.26666666666666666,2.0,0,0,1,1.0,0,1
272,-0.32028469750889677,-1.2820512820512822,-0.48275862068965514,0.051973586846982715,-0.4330434782608696,-0.7760102766546106,0.16666666666666666,-0.3333333333333333,0.26666666666666666,2.0,1,1,1,1.0,0,0
284,-0.2846975088967971,-1.2820512820512822,-0.32183908045977,0.6918512463089944,0.027826086956521764,-0.16821211151699553,0.16666666666666666,0.3333333333333333,0.7333333333333333,3.0,0,0,1,1.0,0,0
307,-0.12455516014234874,-1.2820512820512822,-0.18390804597701146,0.5793909752711436,-0.008695652173913167,-0.21637724913167458,-0.3333333333333333,-1.0,-0.4666666666666667,3.0,1,1,1,1.0,0,0
328,-0.5693950177935942,-1.2820512820512822,-0.5287356321839081,-0.5860435943875574,0.35478260869565204,0.2629805490334633,0.6666666666666666,-1.0,-0.2,3.0,1,1,1,1.0,1,0
337,-0.49110320284697506,-0.9230769230769231,-0.8701149425287357,1.5920971958928534,-0.3113043478260871,-0.8448176161041521,-0.16666666666666666,0.3333333333333333,1.0,3.0,1,1,1,1.0,0,0
343,-0.05338078291814946,-1.2820512820512822,0.02298850574712656,-0.016582216928942416,0.36521739130434744,0.2767420169233712,-0.16666666666666666,-0.6666666666666666,0.06666666666666667,2.0,0,0,1,1.0,1,0
346,0.8451957295373665,-0.9230769230769231,0.47586206896551736,-0.050521850048273774,-0.3443478260869566,-0.8883955977555281,0.16666666666666666,0.0,0.5333333333333333,3.0,1,1,1,1.0,1,0
355,0.6832740213523132,-0.9230769230769231,0.23908045977011497,0.6206315759800985,-0.5095652173913043,-1.1062855060124088,0.3333333333333333,-0.3333333333333333,1.0,3.0,1,1,1,1.0,0,0
366,-0.32028469750889677,-1.2820512820512822,-0.10344827586206881,0.5662125878265527,0.9339130434782611,1.0267420169233723,-0.5,0.3333333333333333,0.4666666666666667,2.0,1,1,1,1.0,0,1
425,0.5160142348754448,-1.2820512820512822,1.2873563218390804,0.21741520377169676,1.4834782608695654,1.7515126591252075,-0.8333333333333334,0.0,0.6666666666666666,2.0,1,1,1,1.0,0,1
437,-0.6583629893238434,1.205128205128205,-0.1563218390804597,0.1473230960049049,0.7304347826086955,-0.1819735794069043,0.5,1.0,0.26666666666666666,3.0,1,0,0,1.0,0,0
438,-0.32028469750889677,-1.2820512820512822,-0.22988505747126428,-0.07824579454400665,0.4782608695652174,0.4258245857307112,-0.5,0.3333333333333333,0.13333333333333333,2.0,1,1,1,1.0,0,0
458,0.09608540925266913,-0.9230769230769231,0.4310344827586207,-0.09628679553767117,0.2034782608695652,0.06343926462979355,0.0,-1.0,-0.6666666666666666,3.0,0,1,1,1.0,0,0
507,-0.07117437722419928,-1.2820512820512822,0.3218390804597702,1.1397190959767158,1.2243478260869565,1.4097695398591519,1.0,-0.6666666666666666,0.5333333333333333,2.0,0,1,0,1.0,0,1
544,-0.7295373665480427,0.0,-0.15172413793103443,0.10269980760963784,0.9060869565217393,0.9441732095839228,0.8333333333333334,0.6666666666666666,-0.4,2.0,0,1,0,1.0,0,1
601,-0.32028469750889677,-1.2820512820512822,-0.4597701149425287,0.39004503202982405,-0.3495652173913043,-0.6659185335353444,0.16666666666666666,-1.0,1.0,3.0,1,1,1,1.0,0,0
605,-0.32028469750889677,-1.2820512820512822,-0.2758620689655172,-0.43131382180283157,0.3130434782608697,0.2079346774738304,-0.5,0.3333333333333333,0.26666666666666666,2.0,1,1,1,1.0,0,1
622,0.6049822064056939,-1.2820512820512822,0.574712643678161,-0.730822627361715,0.12521739130434764,-0.039771744544518685,-0.16666666666666666,0.6666666666666666,-0.8666666666666667,3.0,0,0,1,1.0,0,0
628,0.9608540925266903,4.948717948717949,4.459770114942529,-0.2217704141678236,1.4382608695652173,0.8661915582077753,-0.3333333333333333,-0.6666666666666666,0.5333333333333333,3.0,1,1,1,1.0,0,0
631,-0.32028469750889677,-1.2820512820512822,-0.47126436781609193,-0.006532815594190234,-0.391304347826087,-0.7209644050949775,0.0,-0.3333333333333333,-1.0,2.0,1,1,1,1.0,0,0
639,-0.30249110320284694,-1.2820512820512822,-0.2758620689655172,0.249987667284477,0.24695652173913044,0.12077871417107798,-0.5,-0.3333333333333333,-1.0,2.0,1,1,1,1.0,0,1
656,-0.32028469750889677,-1.2820512820512822,-0.32183908045977,-0.23472328909999365,0.1478260869565217,-0.009955230783050599,0.6666666666666666,-0.3333333333333333,-0.13333333333333333,3.0,1,1,1,1.0,0,1
659,-0.30249110320284694,-1.2820512820512822,-0.011494252873563178,-0.48390052079295837,1.177391304347826,1.3478429343545648,-0.6666666666666666,-0.6666666666666666,-0.8666666666666667,2.0,1,1,1,1.0,0,1
666,1.1565836298932384,-1.2820512820512822,1.0229885057471269,-0.38464682626375096,0.015652173913043455,-0.18426715738855523,-0.16666666666666666,-1.0,-0.8,3.0,0,0,1,1.0,0,0
679,0.4270462633451957,-1.2820512820512822,0.67816091954023,0.2716227739448481,0.6243478260869565,0.6184851361894268,-0.5,0.0,0.4666666666666667,2.0,1,1,1,1.0,0,1
694,-0.30249110320284694,-1.2820512820512822,-0.10344827586206881,0.23675290171178093,0.8539130434782609,0.9212374297674087,-0.6666666666666666,-0.3333333333333333,-0.06666666666666667,2.0,1,1,1,1.0,0,1
730,2.2419928825622772,4.948717948717949,4.689655172413794,0.2715945848807955,1.1147826086956523,0.43958605362061914,0.0,-1.0,-0.8666666666666667,3.0,1,1,1,1.0,0,0
734,-0.32028469750889677,-1.2820512820512822,-0.41379310344827586,-0.2652802345330129,-0.1843478260869566,-0.4480286252784637,0.5,-1.0,-0.13333333333333333,3.0,1,1,1,1.0,0,0
755,0.16014234875444838,0.0,0.41724137931034494,0.3071409946511251,0.7321739130434785,0.7148154114187851,-0.16666666666666666,0.0,0.0,3.0,0,1,1,1.0,0,1
762,0.29537366548042693,-0.9230769230769231,-0.21724137931034482,0.6292574295801944,-0.5130434782608697,-1.1108726619757119,0.5,-0.3333333333333333,-0.6,3.0,0,1,1,1.0,0,0
767,-0.30249110320284694,-1.2820512820512822,-0.3563218390804598,0.0016420129810639963,-0.03478260869565236,-0.2507809188564454,0.0,-0.3333333333333333,-0.5333333333333333,2.0,1,1,1,1.0,0,0
768,0.003558718861210015,-0.9230769230769231,-0.08850574712643675,0.4958667784832874,-0.06782608695652184,-0.5237166986729592,-0.3333333333333333,1.0,-0.4,3.0,1,1,1,1.0,0,0
769,-0.7117437722419928,0.0,-0.806896551724138,-0.8373491004164935,-0.6069565217391305,-1.0512396344527757,0.3333333333333333,0.0,0.7333333333333333,3.0,1,1,1,1.0,0,0
797,-0.32028469750889677,-1.2820512820512822,-0.14942528735632174,0.23848652915101587,0.7686956521739127,0.8088521086664908,-0.6666666666666666,0.0,0.0,2.0,1,1,1,1.0,0,1
799,1.8505338078291813,-1.2820512820512822,1.5862068965517244,-0.033284237380108384,-0.06434782608695669,-0.28977174454451876,-0.3333333333333333,0.6666666666666666,0.9333333333333333,2.0,1,1,1,1.0,0,0
806,-0.24911032028469748,-1.2820512820512822,-0.14942528735632174,1.3615529355386577,0.4834782608695654,0.43270531967566556,0.6666666666666666,-0.6666666666666666,0.26666666666666666,2.0,1,1,1,1.0,0,1
816,-0.6583629893238434,0.0,-0.8505747126436781,-0.26217943748722683,0.05391304347826065,-0.17968000142525256,-0.3333333333333333,0.6666666666666666,0.8,3.0,0,1,0,1.0,0,0
818,0.07117437722419928,1.205128205128205,0.43678160919540243,-0.23410312969083644,1.8452173913043477,1.2882099068316286,-0.8333333333333334,1.0,-0.6666666666666666,1.0,0,1,1,1.0,0,1
842,-0.23131672597864766,-1.2820512820512822,-0.29885057471264365,-0.2678595338938259,-0.06086956521739155,-0.28518458858121615,0.5,0.3333333333333333,-0.3333333333333333,3.0,1,1,0,1.0,0,1
857,-0.32028469750889677,-1.2820512820512822,-0.2183908045977011,-0.45106026117167847,0.5199999999999997,0.4808704572903439,-0.5,-0.3333333333333333,-0.8,2.0,1,1,1,1.0,0,1
859,-0.3380782918149466,-1.2820512820512822,-0.4597701149425287,0.36350502822430036,-0.29739130434782624,-0.5971111940858034,0.16666666666666666,0.0,-0.6666666666666666,3.0,1,1,1,1.0,0,0
882,-0.14234875444839856,-1.2820512820512822,-0.12643678160919536,1.0205357331623197,0.20695652173913034,0.0680264205930962,0.3333333333333333,-0.3333333333333333,-0.6,3.0,1,1,1,1.0,0,0
912,-0.2669039145907473,-1.2820512820512822,-0.0574712643678161,0.5280868786954102,0.8591304347826083,0.9281181637123623,-0.6666666666666666,0.0,-0.06666666666666667,2.0,1,1,1,1.0,0,1
925,0.6405693950177935,0.0,-0.4379310344827586,-0.2432504809759054,0.0017391304347825717,-0.24848734087479366,-0.16666666666666666,-0.3333333333333333,-0.4666666666666667,3.0,0,1,0,1.0,0,0
944,-0.30249110320284694,-1.2820512820512822,-0.08045977011494246,0.13810527205970444,0.9356521739130433,1.0290355949050232,0.6666666666666666,0.3333333333333333,0.8,2.0,1,1,1,1.0,0,1
1002,0.16014234875444838,0.0,0.37816091954023,0.3825608355238585,0.645217391304348,0.6001365123362162,0.0,0.0,0.26666666666666666,3.0,0,1,1,1.0,0,0
1019,-0.32028469750889677,-1.2820512820512822,-0.3563218390804598,1.3359713599109226,0.02260869565217374,-0.1750928454619498,0.5,-1.0,0.3333333333333333,3.0,1,1,1,1.0,0,0
1066,0.6405693950177935,-0.9230769230769231,0.3793103448275863,0.33841676121748565,-0.23826086956521755,-0.7484873408747943,0.5,1.0,0.7333333333333333,3.0,1,1,1,1.0,0,0
1070,0.20818505338078297,-0.9230769230769231,0.011494252873563383,0.3084940697256499,-0.24695652173913044,-0.7599552307830509,0.5,0.6666666666666666,-0.7333333333333333,3.0,0,0,1,1.0,0,0
1096,-0.9786476868327402,0.0,-0.4586206896551724,-0.2431236301876687,0.2626086956521739,0.09554935637291295,-0.16666666666666666,0.6666666666666666,-0.26666666666666666,3.0,1,0,0,1.0,0,0
1118,0.1779359430604982,0.0,0.5034482758620691,0.2543851612766827,0.8713043478260866,0.8983016499508947,-0.3333333333333333,0.3333333333333333,0.2,2.0,0,1,1,1.0,0,1
1142,0.5516014234875445,0.0,-0.828735632183908,0.4179522054418988,-0.39826086956521756,-0.7760102766546106,0.16666666666666666,0.3333333333333333,-0.7333333333333333,3.0,0,1,1,1.0,0,0
1145,0.12455516014234874,-1.2820512820512822,0.36781609195402315,-0.571202052163863,0.7165217391304349,0.7400447692169501,0.6666666666666666,0.3333333333333333,1.0,2.0,1,1,1,1.0,0,1
1180,-0.30249110320284694,-1.2820512820512822,-0.08045977011494246,1.477776446627531,0.9356521739130433,1.0290355949050232,-0.5,-0.6666666666666666,0.0,2.0,1,1,1,1.0,0,1
1186,-0.3380782918149466,-1.2820512820512822,-0.3908045977011494,-0.692302271333836,-0.04173913043478265,-0.2599552307830507,0.0,0.3333333333333333,-0.6666666666666666,3.0,0,0,1,1.0,0,0
1201,1.903914590747331,-1.2820512820512822,1.6206896551724141,0.9523463872190784,-0.076521739130435,-0.3058267904160785,-0.16666666666666666,1.0,0.2,3.0,1,1,1,1.0,0,0
1207,-1.0320284697508897,0.0,-0.14367816091954014,-0.6901176188697595,0.10608695652173904,-0.11087266197571109,0.5,0.3333333333333333,-0.06666666666666667,3.0,1,0,0,1.0,0,1
1221,-0.028469750889679738,-0.9230769230769231,-0.47471264367816085,1.5167196386161987,-0.13739130434782626,-0.6154598179390144,-0.5,0.6666666666666666,0.0,2.0,1,1,1,1.0,0,0
1229,0.03558718861209964,-1.2820512820512822,0.0574712643678161,0.3111579362786207,0.21913043478260866,0.0840814664646559,-0.16666666666666666,1.0,-0.6,3.0,1,0,1,1.0,1,1
1239,-0.32028469750889677,-1.2820512820512822,-0.4367816091954022,0.713035327944524,-0.2660869565217393,-0.5558267904160786,0.5,-1.0,-0.8666666666666667,3.0,1,1,1,1.0,0,0
1247,-0.30249110320284694,-1.2820512820512822,-0.2528735632183907,1.2204243863593118,0.32869565217391317,0.22857687930869286,-0.5,-0.3333333333333333,0.6,2.0,1,1,1,1.0,0,1
1249,-0.32028469750889677,-1.2820512820512822,-0.2873563218390804,0.12269994855495811,0.27130434782608676,0.15288880591419718,0.6666666666666666,0.0,-0.2,2.0,1,1,1,1.0,0,1
1285,0.8718861209964412,-1.2820512820512822,0.8045977011494253,0.05608919019866243,0.08173913043478241,-0.09711119408580311,0.16666666666666666,1.0,0.5333333333333333,2.0,1,0,1,1.0,1,0
1302,-0.1779359430604982,1.205128205128205,0.14942528735632193,0.15707651216710478,0.989565217391304,0.15976953985915057,0.6666666666666666,-0.3333333333333333,-0.6,3.0,1,0,0,1.0,0,0
1319,0.693950177935943,1.205128205128205,1.1804597701149426,-0.3289734247598644,0.9182608695652176,0.06573284261144487,0.5,0.6666666666666666,0.8666666666666667,3.0,1,1,1,1.0,0,0
1326,-0.30249110320284694,-1.2820512820512822,-0.2758620689655172,0.5298768842627503,0.24695652173913044,0.12077871417107798,-0.6666666666666666,0.3333333333333333,0.0,2.0,1,1,1,1.0,0,1
1358,0.5693950177935942,1.205128205128205,2.0804597701149428,0.07504633577403647,2.332173913043478,1.9304117416940145,-0.8333333333333334,0.0,0.4666666666666667,1.0,1,1,0,1.0,0,1
1394,-0.03558718861209964,-1.2820512820512822,0.1609195402298851,-0.5557544450630378,0.6765217391304349,0.6872924756389683,0.8333333333333334,-1.0,0.06666666666666667,2.0,0,1,1,1.0,0,1
1400,-0.1779359430604982,-1.2820512820512822,-0.18390804597701146,1.0318254533153863,0.14086956521739108,-0.019129542709656118,0.3333333333333333,-1.0,0.6666666666666666,3.0,1,1,1,1.0,1,0
1421,-0.2846975088967971,-1.2820512820512822,-0.2528735632183907,-0.5994615888765953,0.26434782608695645,0.14371449398759167,0.5,0.6666666666666666,0.7333333333333333,3.0,1,1,1,1.0,0,0
1457,-0.056939501779359476,-0.9230769230769231,-0.6091954022988505,1.25487142263159,-0.32347826086956544,-0.8608726619757118,0.0,-1.0,0.6,3.0,1,1,0,1.0,0,0
1484,-0.32028469750889677,-1.2820512820512822,-0.32183908045977,1.5135624634423075,0.1478260869565217,-0.009955230783050599,-0.3333333333333333,0.3333333333333333,0.9333333333333333,3.0,1,1,1,1.0,0,0
1507,-0.09608540925266901,-0.9230769230769231,-0.18965517241379307,0.5021952233630963,-0.09739130434782617,-0.5627075243610326,-0.3333333333333333,-0.3333333333333333,0.26666666666666666,3.0,1,1,1,1.0,0,0
1558,-0.32028469750889677,-1.2820512820512822,-0.2528735632183907,0.15363744635268747,0.396521739130435,0.3180264205930967,0.8333333333333334,-0.3333333333333333,0.0,2.0,1,1,1,1.0,0,1
1561,-0.32028469750889677,-1.2820512820512822,-0.2873563218390804,0.13749920718257352,0.27130434782608676,0.15288880591419718,0.6666666666666666,0.3333333333333333,0.8,2.0,1,1,1,1.0,0,1
1582,0.12455516014234874,1.205128205128205,-0.925287356321839,0.09670963149846017,1.0486956521739133,0.23775119123529806,-0.6666666666666666,-1.0,0.5333333333333333,1.0,1,0,0,1.0,0,0
1596,-0.7295373665480427,0.0,-0.8264367816091954,-0.7789554542315309,-0.6591304347826089,-1.1200469739023171,0.8333333333333334,0.3333333333333333,0.26666666666666666,2.0,1,1,1,1.0,0,1
1609,-0.32028469750889677,-1.2820512820512822,-0.29885057471264365,0.24719694994326952,0.2295652173913044,0.09784293435456429,-0.6666666666666666,0.3333333333333333,0.5333333333333333,2.0,1,1,1,1.0,0,1
1618,-0.07117437722419928,-1.2820512820512822,0.0,-0.6952339339953065,0.35478260869565204,0.2629805490334633,0.0,0.0,-0.7333333333333333,3.0,1,1,1,1.0,0,0
1646,0.07117437722419928,-1.2820512820512822,-0.08045977011494246,1.0098661724184104,-0.1930434782608698,-0.45949651518672074,0.16666666666666666,1.0,0.3333333333333333,3.0,0,0,1,1.0,1,0
1681,1.1743772241992882,-1.2820512820512822,0.9080459770114946,-0.3048717749948907,-0.14260869565217396,-0.39298275371883057,0.16666666666666666,-0.6666666666666666,0.8,3.0,1,1,1,1.0,0,0
1697,-0.32028469750889677,-1.2820512820512822,-0.31034482758620685,-0.7092298042974228,0.18956521739130433,0.04509064077658251,-0.16666666666666666,-0.3333333333333333,0.3333333333333333,3.0,1,1,1,1.0,1,0
1707,0.48042704626334515,0.0,0.3333333333333334,0.4166696030275055,-0.12000000000000022,-0.4090377995903903,0.16666666666666666,0.3333333333333333,-0.7333333333333333,3.0,0,1,1,1.0,0,0
1711,-0.01779359430604982,-1.2820512820512822,-0.10344827586206881,0.6445218077646777,-0.05565217391304353,-0.27830385463626167,0.0,-1.0,0.13333333333333333,3.0,0,0,1,1.0,0,0
1722,-0.32028469750889677,-1.2820512820512822,-0.19540229885057464,0.22880358564894748,0.603478260869565,0.5909622004096101,-0.6666666666666666,-0.6666666666666666,-0.6,2.0,1,1,1,1.0,0,1
1725,-0.32028469750889677,-1.2820512820512822,-0.42528735632183906,0.9939252566966645,-0.2243478260869567,-0.5007809188564455,0.16666666666666666,-1.0,-0.5333333333333333,3.0,1,1,1,1.0,0,0
1732,-0.19572953736654802,-1.2820512820512822,-0.22988505747126428,0.017554739638757144,0.05217391304347808,-0.1361020197738765,0.0,-0.3333333333333333,0.4,2.0,1,1,1,1.0,0,0
1733,-0.30249110320284694,-1.2820512820512822,-0.19540229885057464,0.130015010676608,0.5304347826086958,0.4946319251802527,0.6666666666666666,0.3333333333333333,0.3333333333333333,2.0,1,1,1,1.0,0,1
1745,-0.5871886120996441,-1.2820512820512822,-0.5402298850574713,0.6517523026941698,0.396521739130435,0.3180264205930967,0.0,0.6666666666666666,0.4666666666666667,3.0,0,0,1,1.0,0,0
1752,-0.30249110320284694,-1.2820512820512822,-0.24137931034482757,-0.18740794508770323,0.3686956521739132,0.28132917288667464,0.8333333333333334,0.0,0.6666666666666666,2.0,1,1,1,1.0,0,1
1776,0.11921708185053385,-0.9230769230769231,-0.42528735632183906,0.4374590377662986,0.0034782608695651434,-0.4296800014252527,-0.8333333333333334,0.6666666666666666,0.9333333333333333,2.0,1,1,1,1.0,0,0
1779,-0.2669039145907473,-1.2820512820512822,-0.2873563218390804,1.035701449622619,0.08695652173913043,-0.09023046014084862,0.3333333333333333,0.0,0.8666666666666667,3.0,1,1,1,1.0,1,0
1786,0.6512455516014234,-0.9230769230769231,-0.1114942528735631,0.3275639715572344,-0.43652173913043474,-1.009955230783051,0.5,0.3333333333333333,0.13333333333333333,3.0,0,1,0,1.0,0,0
1805,-0.6565836298932384,-0.9230769230769231,-0.2758620689655172,1.5468678426204554,0.020869565217391167,-0.40674422160873897,-0.3333333333333333,1.0,-0.13333333333333333,3.0,0,1,1,1.0,0,0
1824,-0.32028469750889677,-1.2820512820512822,-0.4367816091954022,0.708299565183687,-0.2660869565217393,-0.5558267904160786,0.3333333333333333,0.0,0.9333333333333333,3.0,1,1,1,1.0,0,0
1840,-0.07117437722419928,-1.2820512820512822,0.1149425287356322,-0.09858420425795812,0.6643478260869565,0.6712374297674086,-0.6666666666666666,0.6666666666666666,0.7333333333333333,2.0,1,1,1,1.0,0,1
1864,0.8718861209964412,1.205128205128205,1.177011494252874,0.2657453540898808,1.102608695652174,0.3088521086664906,-0.16666666666666666,-0.6666666666666666,0.13333333333333333,3.0,0,1,1,1.0,0,0
1871,-0.32028469750889677,-1.2820512820512822,-0.5172413793103448,0.026011458854537383,-0.556521739130435,-0.9388543133518586,0.0,-0.3333333333333333,0.8666666666666667,2.0,1,1,1,1.0,0,0
1909,-0.5693950177935942,-1.2820512820512822,-0.47126436781609193,0.36724007921127,0.6643478260869565,0.6712374297674086,0.16666666666666666,-1.0,-0.4,3.0,0,0,1,1.0,0,0
1918,0.09074733096085398,-0.9230769230769231,-0.6459770114942528,0.6129077724296859,-0.30434782608695654,-0.8356433041775464,0.3333333333333333,-0.6666666666666666,0.4666666666666667,3.0,0,1,0,1.0,0,0
1920,-0.32028469750889677,-1.2820512820512822,-0.3563218390804598,0.26656283694740623,0.02260869565217374,-0.1750928454619498,-0.5,0.3333333333333333,0.06666666666666667,2.0,1,1,1,1.0,0,0
1921,-0.32028469750889677,-1.2820512820512822,-0.160919540229885,-0.13603337585183828,0.7269565217391304,0.7538062371068581,-0.8333333333333334,-0.3333333333333333,0.26666666666666666,2.0,1,1,1,1.0,0,1
1985,-0.19572953736654802,-1.2820512820512822,0.03448275862068974,1.3998759681181685,0.8695652173913043,0.9418796316022711,1.0,1.0,-0.6666666666666666,2.0,1,1,1,1.0,0,1
2006,-0.30249110320284694,-1.2820512820512822,-0.04597701149425271,0.8201396768123806,1.0573913043478258,1.1895860536206195,-0.8333333333333334,0.0,-0.8666666666666667,2.0,1,1,1,1.0,0,1
2028,-0.30249110320284694,-1.2820512820512822,-0.2528735632183907,-0.2218972649560603,0.32869565217391317,0.22857687930869286,0.6666666666666666,-1.0,0.6666666666666666,2.0,1,1,1,1.0,0,1
2063,-0.10676156583629892,1.205128205128205,-0.07126436781609187,0.34409685762408476,-0.1721739130434783,-1.372340551883969,0.3333333333333333,0.6666666666666666,0.3333333333333333,3.0,1,0,0,1.0,0,0
2065,-0.30249110320284694,-1.2820512820512822,-0.37931034482758613,1.0285414273532583,-0.11652173913043477,-0.35857908399405986,0.3333333333333333,0.0,0.4,3.0,1,1,1,1.0,0,0
2074,-0.5516014234875445,-1.2820512820512822,-0.5287356321839081,0.6715410256590956,0.2556521739130433,0.1322466040793346,0.16666666666666666,1.0,-0.5333333333333333,3.0,0,0,1,1.0,0,0
2129,-0.19572953736654802,-1.2820512820512822,-0.09195402298850563,0.5716953607847836,0.4782608695652174,0.4258245857307112,-0.5,0.0,0.8666666666666667,2.0,1,1,1,1.0,0,1
2144,-0.48042704626334515,-1.2820512820512822,-0.48275862068965514,-0.6748814297493287,0.13217391304347823,-0.03059743261791296,0.0,1.0,0.8666666666666667,3.0,1,0,1,1.0,0,0
2148,-0.07117437722419928,-1.2820512820512822,-0.2643678160919539,0.04050063777757419,-0.36000000000000004,-0.6796800014252528,0.16666666666666666,-1.0,-0.3333333333333333,2.0,1,1,1,1.0,1,0
2152,-0.32028469750889677,-1.2820512820512822,-0.19540229885057464,-0.13094524979034383,0.603478260869565,0.5909622004096101,-0.8333333333333334,-1.0,0.6,2.0,1,1,1,1.0,0,1
2169,-0.32028469750889677,-1.2820512820512822,-0.2183908045977011,-0.08722401144476001,0.5199999999999997,0.4808704572903439,-0.5,-0.3333333333333333,-0.4666666666666667,2.0,1,1,1,1.0,0,1
2220,-0.32028469750889677,-1.2820512820512822,-0.34482758620689646,-0.5872839132058718,0.06434782608695638,-0.1200469739023168,0.6666666666666666,0.3333333333333333,-0.4,3.0,1,1,1,1.0,0,0
2238,0.23131672597864766,-1.2820512820512822,0.14942528735632193,-0.36910055743874165,-0.0017391304347825717,-0.2072029372050689,-0.16666666666666666,-0.6666666666666666,0.2,3.0,1,0,1,1.0,0,0
2244,-0.40925266903914587,1.205128205128205,-0.18965517241379307,0.09576529785269805,1.0469565217391303,0.23545761325364653,-0.6666666666666666,0.6666666666666666,0.4,1.0,1,0,0,1.0,0,0
2252,1.5302491103202847,1.205128205128205,0.9586206896551724,0.13769653063094173,0.645217391304348,-0.29435890050782143,0.5,-1.0,-0.6,3.0,1,1,1,1.0,0,0
2261,-0.24911032028469748,-1.2820512820512822,-0.2183908045977011,-0.03682196491870979,0.25739130434782587,0.13454018206098595,-0.3333333333333333,0.0,0.8,2.0,1,1,1,1.0,0,1
2270,0.7366548042704627,-0.9230769230769231,0.37356321839080464,0.6022100226217239,-0.3669565217391306,-0.9182121115169962,0.3333333333333333,0.0,-0.3333333333333333,3.0,1,1,1,1.0,0,0
2288,-0.32028469750889677,-1.2820512820512822,-0.36781609195402293,0.05396091586269107,-0.017391304347826333,-0.2278451390399317,0.16666666666666666,0.3333333333333333,0.4,2.0,1,1,1,1.0,1,0
2289,-0.32028469750889677,-1.2820512820512822,-0.2643678160919539,1.2216224215815474,0.35478260869565204,0.2629805490334633,-0.5,0.0,0.6666666666666666,2.0,1,1,1,1.0,0,1
2294,-0.32028469750889677,-1.2820512820512822,-0.48275862068965514,0.42172954002494734,-0.4330434782608696,-0.7760102766546106,0.5,-0.3333333333333333,-0.2,3.0,1,1,1,1.0,0,0
2374,-0.40925266903914587,-1.2820512820512822,-0.4367816091954022,0.6791520729532977,0.03478260869565205,-0.15903779959039022,0.16666666666666666,-1.0,0.0,3.0,0,0,1,1.0,1,0
2402,0.39145907473309605,0.0,0.4609195402298853,-0.37496388276168263,0.6973913043478257,0.6689438517857569,-0.5,1.0,-0.8,2.0,0,0,1,1.0,0,1
2464,0.01779359430604982,-1.2820512820512822,0.04597701149425292,-0.3421236231404027,0.23478260869565212,0.10472366829951826,0.0,-1.0,0.4,3.0,0,1,1,1.0,0,0
2480,0.40925266903914587,-1.2820512820512822,0.632183908045977,-0.2890013319332765,0.5773913043478262,0.5565585306848397,0.3333333333333333,-1.0,0.5333333333333333,3.0,1,1,0,1.0,0,0
2528,-0.32028469750889677,-1.2820512820512822,-0.3563218390804598,-0.24929703521518826,0.02260869565217374,-0.1750928454619498,0.5,-0.3333333333333333,0.9333333333333333,3.0,1,1,1,1.0,0,1
2535,0.3558718861209964,1.205128205128205,0.5735632183908047,-0.650497889343829,0.5826086956521735,-0.3769277078472717,0.5,1.0,0.5333333333333333,3.0,0,1,1,1.0,0,0
2548,-0.01779359430604982,-1.2820512820512822,0.03448275862068974,-0.6185878688362849,0.29739130434782624,0.18729247563896814,0.3333333333333333,0.6666666666666666,0.9333333333333333,3.0,0,1,1,1.0,0,0
2572,-0.3380782918149466,-1.2820512820512822,-0.48275862068965514,-0.3685226816256633,-0.3808695652173915,-0.7072029372050695,-0.16666666666666666,-0.6666666666666666,0.2,3.0,1,1,1,1.0,0,0
2584,-0.4448398576512455,-1.2820512820512822,-0.3333333333333333,-0.42387190889294496,0.6278260869565216,0.6230722921527295,-0.5,-1.0,0.9333333333333333,2.0,1,0,1,1.0,0,1
2596,-0.30249110320284694,-1.2820512820512822,-0.19540229885057464,-0.3036737397726552,0.5304347826086958,0.4946319251802527,0.16666666666666666,-0.6666666666666666,0.8,3.0,1,1,1,1.0,1,0
2653,-0.32028469750889677,-1.2820512820512822,-0.41379310344827586,0.39287803296711044,-0.1843478260869566,-0.4480286252784637,0.3333333333333333,-0.3333333333333333,-0.9333333333333333,3.0,1,1,1,1.0,0,0
2655,1.0676156583629892,1.205128205128205,0.19540229885057486,0.14699892176829998,0.7304347826086955,-0.1819735794069043,0.5,1.0,0.26666666666666666,3.0,0,1,1,1.0,0,0
2670,-0.094306049822064,-0.9230769230769231,-0.8735632183908046,1.1932501286126047,-0.3756521739130435,-0.9296800014252529,-0.3333333333333333,-1.0,0.9333333333333333,3.0,1,1,1,1.0,0,0
2708,-0.32028469750889677,-1.2820512820512822,-0.4022988505747126,-0.6367275315541335,-0.14260869565217396,-0.39298275371883057,0.3333333333333333,-1.0,-0.8,3.0,1,1,1,1.0,1,0
2715,0.8718861209964412,1.205128205128205,0.8229885057471266,-0.22062875707369325,1.0730434782608693,0.26986128297841666,-0.8333333333333334,0.6666666666666666,0.2,1.0,1,1,1,1.0,0,1
2722,-0.01779359430604982,-1.2820512820512822,-0.022988505747126357,0.325576642541526,0.14956521739130424,-0.00766165280139927,-0.16666666666666666,-1.0,0.4,3.0,0,0,1,1.0,0,0
2730,-0.32028469750889677,-1.2820512820512822,-0.41379310344827586,0.38659187168338044,-0.1843478260869566,-0.4480286252784637,0.16666666666666666,0.0,0.7333333333333333,3.0,1,1,1,1.0,0,0
2769,-0.32028469750889677,-1.2820512820512822,-0.22988505747126428,0.5578968139310354,0.4782608695652174,0.4258245857307112,-0.5,0.0,-0.06666666666666667,2.0,1,1,1,1.0,0,1
2772,0.28825622775800713,-0.9230769230769231,-0.2781609195402298,0.6088062636100325,-0.3669565217391306,-0.9182121115169962,0.3333333333333333,0.0,0.13333333333333333,3.0,0,1,0,1.0,0,0
2780,-0.32028469750889677,-1.2820512820512822,-0.2528735632183907,-0.09938759258345725,0.396521739130435,0.3180264205930967,-0.6666666666666666,0.3333333333333333,0.6666666666666666,2.0,1,1,1,1.0,0,1
2792,-0.2846975088967971,-1.2820512820512822,-0.3333333333333333,1.0344611308043046,-0.012173913043478311,-0.22096440509497725,0.3333333333333333,-0.3333333333333333,0.8,3.0,1,1,1,1.0,1,0
2804,-0.32028469750889677,-1.2820512820512822,-0.34482758620689646,0.27339868498016195,0.06434782608695638,-0.1200469739023168,-0.5,0.3333333333333333,0.5333333333333333,2.0,1,1,1,1.0,0,0
2809,-0.32028469750889677,-1.2820512820512822,-0.4367816091954022,0.0691266323229903,-0.2660869565217393,-0.5558267904160786,0.3333333333333333,-1.0,0.4,2.0,1,1,1,1.0,0,0
2819,-0.597864768683274,-0.9230769230769231,-0.13678160919540225,-0.2964573393751894,-0.17565217391304344,-0.4365607353702067,0.6666666666666666,0.3333333333333333,-0.5333333333333333,3.0,0,0,1,1.0,0,0
2827,-0.30249110320284694,-1.2820512820512822,-0.24137931034482757,-0.1657164602992269,0.3686956521739132,0.28132917288667464,1.0,-0.6666666666666666,-0.06666666666666667,2.0,1,1,1,1.0,0,1
2837,-0.32028469750889677,-1.2820512820512822,-0.18390804597701146,0.23001571540320934,0.645217391304348,0.6460080719692436,-0.6666666666666666,-0.3333333333333333,-0.5333333333333333,2.0,1,1,1,1.0,0,1
2878,0.48042704626334515,0.0,0.6954022988505748,-0.40756453533851544,0.5060869565217392,0.41665027380410585,-0.6666666666666666,0.0,-0.06666666666666667,2.0,0,1,0,1.0,0,1
2892,-0.32028469750889677,-1.2820512820512822,-0.12643678160919536,0.5104687136625347,0.852173913043478,0.918943851785757,-0.8333333333333334,-0.6666666666666666,0.9333333333333333,2.0,1,1,1,1.0,0,1
2899,-0.7651245551601423,0.0,-0.7160919540229884,-0.688736354731182,0.12347826086956505,-0.0879368821591974,0.5,0.6666666666666666,0.0,3.0,0,1,0,1.0,1,1
2912,-0.32028469750889677,1.205128205128205,2.0655172413793106,-0.12565980028048118,0.7495652173913041,-0.1567442216087393,0.0,1.0,-0.9333333333333333,3.0,1,0,1,1.0,0,0
2917,-0.3380782918149466,-1.2820512820512822,-0.3333333333333333,-0.6645924213701294,0.1704347826086954,0.019861282978417077,0.16666666666666666,-0.3333333333333333,-0.4666666666666667,3.0,1,1,1,1.0,0,0
2926,-0.03558718861209964,-1.2820512820512822,0.1609195402298851,-0.200346725487847,0.6765217391304349,0.6872924756389683,0.8333333333333334,-1.0,0.0,2.0,1,1,1,1.0,0,1
2937,-0.32028469750889677,-1.2820512820512822,-0.3563218390804598,-0.6322031867736911,0.02260869565217374,-0.1750928454619498,0.3333333333333333,0.0,-0.6,3.0,1,1,1,1.0,1,0
2970,-0.03558718861209964,1.205128205128205,0.6666666666666669,-0.1933417430707757,0.9391304347826085,0.09325577839126081,-0.6666666666666666,1.0,0.5333333333333333,1.0,1,0,1,1.0,0,0
2986,2.0462633451957295,-1.2820512820512822,1.9885057471264371,0.9613246041198317,0.13043478260869565,-0.03289101059956419,0.0,1.0,-0.9333333333333333,3.0,0,0,1,1.0,0,0
2993,-0.4626334519572953,0.0,1.0045977011494256,-0.6924009330580202,-0.20695652173913065,-0.5237166986729592,0.5,0.0,-0.13333333333333333,3.0,0,1,0,1.0,0,0
3001,-0.16548042704626328,-0.9230769230769231,-0.24827586206896546,0.016948674761626228,-0.08695652173913043,-0.5489460564711242,0.6666666666666666,-0.3333333333333333,-0.5333333333333333,3.0,1,1,1,1.0,0,0
3042,-0.2846975088967971,-1.2820512820512822,0.0,0.2567248535930486,1.1339130434782607,1.2905034848132804,-0.5,-0.3333333333333333,-0.5333333333333333,2.0,1,1,1,1.0,0,1
3048,-0.5444839857651246,-0.9230769230769231,-0.5402298850574713,0.8554464795382631,-0.2591304347826087,-0.7760102766546106,-0.16666666666666666,0.0,-0.8,3.0,0,1,1,1.0,0,0
3058,-0.8185053380782917,1.205128205128205,-0.8114942528735631,0.34057322461750966,0.15652173913043455,-0.938854313351859,0.3333333333333333,0.6666666666666666,-0.13333333333333333,3.0,1,0,0,1.0,0,0
3072,0.0,-1.2820512820512822,-0.1149425287356322,0.3496782923064997,-0.12521739130434795,-0.3700469739023169,0.0,1.0,0.6,3.0,1,0,1,1.0,0,0
3106,0.05338078291814946,0.0,-0.24137931034482757,0.14836609137485113,0.68,0.6460080719692436,-0.6666666666666666,0.3333333333333333,-1.0,2.0,0,1,0,1.0,0,1
3133,-0.30249110320284694,-1.2820512820512822,-0.011494252873563178,0.16823938153193468,1.177391304347826,1.3478429343545648,0.8333333333333334,-0.3333333333333333,0.9333333333333333,2.0,1,1,1,1.0,0,1
3137,-0.32028469750889677,-1.2820512820512822,-0.37931034482758613,0.0034179240163778463,-0.05913043478260867,-0.2828910105995644,0.0,0.3333333333333333,-0.4,2.0,1,1,1,1.0,0,0
3150,-0.3380782918149466,-1.2820512820512822,-0.3908045977011494,0.7002515873966695,-0.04173913043478265,-0.2599552307830507,0.3333333333333333,-0.3333333333333333,0.4,3.0,1,1,1,1.0,0,0
3169,-0.32028469750889677,-1.2820512820512822,-0.12643678160919536,0.1764142101071889,0.852173913043478,0.918943851785757,1.0,-0.3333333333333333,-0.6,2.0,1,1,1,1.0,0,1
3188,-0.32028469750889677,-1.2820512820512822,-0.2643678160919539,-0.2287472075208423,0.35478260869565204,0.2629805490334633,0.6666666666666666,-0.6666666666666666,0.26666666666666666,2.0,1,1,1,1.0,0,1
3193,-0.3380782918149466,-1.2820512820512822,-0.42528735632183906,0.28793014749927764,-0.17043478260869574,-0.4296800014252527,-0.3333333333333333,0.0,-0.6666666666666666,3.0,1,1,1,1.0,0,0
3197,0.10676156583629892,-1.2820512820512822,0.0574712643678161,-0.7057484548869266,0.05391304347826065,-0.13380844179222498,-0.16666666666666666,1.0,0.6,3.0,0,0,1,1.0,0,0
3211,0.5338078291814946,0.0,0.2758620689655173,-0.6120057223800027,0.2104347826086955,0.02674201692337147,0.6666666666666666,0.3333333333333333,0.7333333333333333,3.0,0,1,0,1.0,0,1
3224,0.40925266903914587,-1.2820512820512822,0.3218390804597702,0.6107935926257408,0.012173913043478311,-0.1888543133518579,-0.16666666666666666,-1.0,-0.6,3.0,0,0,1,1.0,0,0
3231,-0.7295373665480427,0.0,-0.3758620689655172,0.5127097442547164,0.4713043478260871,0.3707787141710785,0.3333333333333333,0.6666666666666666,0.06666666666666667,3.0,0,1,1,1.0,1,0
3260,-0.17259786476868333,-0.9230769230769231,-0.6149425287356322,1.5465436683838505,0.020869565217391167,-0.40674422160873897,-0.3333333333333333,0.6666666666666666,-0.2,3.0,0,1,1,1.0,0,0
3269,1.1387900355871885,1.205128205128205,1.8160919540229887,-0.42360411278444526,1.0034782608695652,0.178118163712362,0.0,1.0,-0.4,3.0,0,1,1,1.0,1,0
3316,0.403914590747331,-0.9230769230769231,0.5436781609195404,-0.18251714247457698,0.426086956521739,0.3570172462811697,-0.6666666666666666,0.6666666666666666,0.2,2.0,0,1,1,1.0,0,0
3340,-0.2508896797153025,-0.9230769230769231,-0.6206896551724138,1.5824847250509164,0.08521739130434787,-0.3218818362876378,-0.16666666666666666,1.0,0.2,3.0,0,1,0,1.0,0,0
3353,-0.3380782918149466,-1.2820512820512822,-0.4597701149425287,0.7047618376450856,-0.29739130434782624,-0.5971111940858034,0.3333333333333333,-1.0,0.7333333333333333,3.0,1,1,1,1.0,0,0
3370,-0.32028469750889677,-1.2820512820512822,-0.29885057471264365,0.596163468382441,0.2295652173913044,0.09784293435456429,-0.3333333333333333,-0.6666666666666666,0.5333333333333333,3.0,1,1,1,1.0,0,0
3375,-0.4270462633451957,0.0,-0.2114942528735631,0.17067773557248467,0.38434782608695667,0.2560998150885096,-0.6666666666666666,-1.0,0.6,2.0,0,1,0,1.0,0,1
3411,-0.7046263345195729,-0.9230769230769231,-0.7229885057471264,-0.2614183327578066,-0.015652173913043455,-0.22555156105827995,0.8333333333333334,0.6666666666666666,-0.2,3.0,0,0,1,1.0,0,0
3413,0.3558718861209964,-0.9230769230769231,-0.3264367816091953,0.10102255829850809,-0.17739130434782632,-0.6682121115169961,-0.8333333333333334,1.0,0.13333333333333333,2.0,1,1,1,1.0,0,0
3438,-0.6868327402135231,-0.9230769230769231,-0.6758620689655171,1.5943946046131403,0.19478260869565203,-0.17738642344360125,0.0,-0.6666666666666666,-0.8,3.0,1,1,1,1.0,0,0
3446,-0.30249110320284694,-1.2820512820512822,-0.14942528735632174,-0.43977054101861185,0.6921739130434783,0.7079346774738307,-0.5,0.3333333333333333,-0.2,2.0,1,1,1,1.0,0,1
3452,-0.32028469750889677,-1.2820512820512822,-0.42528735632183906,-0.6478622118549109,-0.2243478260869567,-0.5007809188564455,0.16666666666666666,0.0,0.5333333333333333,3.0,1,1,1,1.0,0,0
3464,0.693950177935943,-1.2820512820512822,0.7586206896551726,-0.2111290424879668,0.2730434782608696,0.1551823838958487,0.8333333333333334,0.6666666666666666,-0.6,2.0,1,0,1,1.0,0,0
3486,-0.19572953736654802,1.205128205128205,1.0609195402298852,-0.21518826771154131,4.038260869565217,4.180411741694016,-0.8333333333333334,0.6666666666666666,0.6666666666666666,1.0,1,1,1,1.0,0,1
3496,-0.0889679715302491,-1.2820512820512822,-0.08045977011494246,0.02210727348325217,0.1843478260869563,0.03820990683162832,0.0,0.6666666666666666,0.6,2.0,1,1,1,1.0,1,0
3508,-0.23131672597864766,-1.2820512820512822,-0.34482758620689646,-0.2863938435084109,-0.20869565217391323,-0.4801387170215831,0.3333333333333333,-0.3333333333333333,0.6666666666666666,3.0,1,1,0,1.0,0,0
3529,0.38434163701067603,-0.9230769230769231,0.26551724137931043,0.41204659652287895,-0.048695652173913244,-0.4984873408747942,1.0,0.3333333333333333,0.6,2.0,1,1,1,1.0,0,0
3531,-0.27580071174377224,-0.9230769230769231,-0.46781609195402296,0.9717827468833466,-0.4643478260869565,-1.046652478489473,0.3333333333333333,0.0,-0.4,3.0,0,1,1,1.0,0,0
3538,-0.30249110320284694,-1.2820512820512822,-0.19540229885057464,-0.047773416303145196,0.5304347826086958,0.4946319251802527,-0.3333333333333333,-0.6666666666666666,0.2,2.0,1,1,1,1.0,0,1
3559,2.5444839857651242,0.0,2.540229885057472,-0.34687348043326593,0.17565217391304344,-0.019129542709655913,-0.16666666666666666,0.6666666666666666,-0.6666666666666666,2.0,0,1,0,1.0,0,0
3581,-0.30249110320284694,-1.2820512820512822,-0.48275862068965514,0.053368945517586454,-0.48,-0.8379368821591977,0.16666666666666666,0.0,0.3333333333333333,2.0,1,1,1,1.0,0,0
3614,-0.32028469750889677,-1.2820512820512822,-0.41379310344827586,-0.6822246809350313,-0.1843478260869566,-0.4480286252784637,0.0,-1.0,0.4666666666666667,3.0,1,1,1,1.0,0,0
3651,0.12455516014234874,-1.2820512820512822,0.011494252873563383,0.3822366612872536,-0.08869565217391301,-0.3218818362876378,0.16666666666666666,1.0,0.4666666666666667,3.0,0,0,1,1.0,0,0
3664,0.10676156583629892,-1.2820512820512822,0.04597701149425292,0.6163750273081559,0.027826086956521764,-0.16821211151699553,-0.16666666666666666,1.0,-0.2,3.0,1,0,1,1.0,0,0
3665,-0.32028469750889677,-1.2820512820512822,-0.18390804597701146,0.23435683126730986,0.645217391304348,0.6460080719692436,-0.6666666666666666,-1.0,-0.2,2.0,1,1,1,1.0,0,1
3685,-0.32028469750889677,-1.2820512820512822,-0.4597701149425287,1.3181699659617052,-0.3495652173913043,-0.6659185335353444,0.3333333333333333,-1.0,-0.4,3.0,1,1,1,1.0,0,0
3691,1.3701067615658362,-1.2820512820512822,1.1724137931034484,0.9439601406634296,-0.04000000000000008,-0.2576616528013994,-0.16666666666666666,-1.0,-0.2,3.0,1,1,1,1.0,0,0
3699,-0.3380782918149466,-1.2820512820512822,-0.44827586206896547,0.41592259283011157,-0.253913043478261,-0.5397717445445189,0.5,0.0,-0.6,3.0,1,1,1,1.0,0,0
3707,0.10676156583629892,1.205128205128205,0.6022988505747127,-0.40490066878554465,1.0452173913043474,0.2331640352719947,0.0,-0.3333333333333333,0.7333333333333333,3.0,1,1,1,1.0,0,0
3709,0.48042704626334515,-1.2820512820512822,0.3908045977011495,-0.3508481384646826,0.015652173913043455,-0.18426715738855523,0.0,-1.0,-0.06666666666666667,3.0,0,0,1,1.0,1,0
3753,0.48042704626334515,-1.2820512820512822,0.6436781609195404,-0.41948850943276556,0.45565217391304363,0.3960080719692435,-0.3333333333333333,0.0,-0.9333333333333333,2.0,1,1,1,1.0,0,1
3856,0.32028469750889677,0.0,0.520689655172414,-0.03341108816834509,0.5582608695652176,0.48545761325364734,0.5,0.6666666666666666,-1.0,3.0,1,1,0,1.0,0,0
3890,-0.8042704626334519,-0.9230769230769231,-0.6195402298850574,1.193447452060973,-0.3756521739130435,-0.9296800014252529,-0.3333333333333333,-1.0,0.9333333333333333,3.0,1,1,1,1.0,0,0
3903,-0.16014234875444838,1.205128205128205,0.1137931034482759,-0.4913565282348713,0.7669565217391304,-0.13380844179222498,-0.5,-0.3333333333333333,0.3333333333333333,3.0,1,1,1,1.0,0,1
3904,-0.32028469750889677,-1.2820512820512822,-0.31034482758620685,0.2442230036857201,0.18956521739130433,0.04509064077658251,-0.6666666666666666,-0.3333333333333333,0.4,2.0,1,1,1,1.0,0,1
4030,-0.32028469750889677,-1.2820512820512822,-0.3333333333333333,0.0833339206055011,0.10608695652173904,-0.0650011023426837,0.5,-0.6666666666666666,-0.6666666666666666,2.0,1,1,1,1.0,0,0
4031,0.7117437722419928,4.948717948717949,2.620689655172414,-0.38724022015659026,2.196521739130435,1.8661915582077757,0.8333333333333334,-0.3333333333333333,0.4,2.0,0,1,1,1.0,0,0
4037,-0.32028469750889677,-1.2820512820512822,-0.42528735632183906,-0.6742894594042241,-0.2243478260869567,-0.5007809188564455,0.0,-1.0,0.9333333333333333,3.0,1,1,1,1.0,0,0
4062,0.32028469750889677,-1.2820512820512822,0.781609195402299,0.5173750343554218,1.0643478260869568,1.1987603655472256,-0.6666666666666666,-1.0,-0.7333333333333333,2.0,1,0,1,1.0,0,1
4096,-0.32028469750889677,-1.2820512820512822,-0.3563218390804598,-0.6765445845284322,0.02260869565217374,-0.1750928454619498,0.0,0.3333333333333333,0.7333333333333333,3.0,1,1,1,1.0,0,0
4097,-0.32028469750889677,-1.2820512820512822,-0.32183908045977,0.39228606262200577,0.1478260869565217,-0.009955230783050599,0.3333333333333333,-0.3333333333333333,-0.9333333333333333,3.0,1,1,1,1.0,1,0
4119,-0.32028469750889677,-1.2820512820512822,-0.42528735632183906,-0.6595183898406614,-0.2243478260869567,-0.5007809188564455,0.16666666666666666,-1.0,-0.13333333333333333,3.0,1,1,1,1.0,0,0
4121,-0.27224199288256223,-0.9230769230769231,-0.9425287356321839,0.0372448008794988,-0.431304347826087,-1.0030744968380971,0.6666666666666666,1.0,0.2,3.0,0,1,1,1.0,0,0
4129,-0.2846975088967971,-1.2820512820512822,-0.011494252873563178,0.2294237450581047,1.0939130434782607,1.2377511912352985,-0.6666666666666666,-0.3333333333333333,-0.5333333333333333,2.0,1,1,1,1.0,0,1
4160,0.4448398576512455,0.0,0.7011494252873566,0.14747813585719421,0.6278260869565216,0.5772007325197022,-0.8333333333333334,0.0,1.0,2.0,0,1,1,1.0,0,1
4168,0.3558718861209964,-1.2820512820512822,0.3333333333333334,0.11795009126209487,0.12869565217391307,-0.03518458858121562,0.6666666666666666,-1.0,-0.4,2.0,1,0,1,1.0,0,0
4171,0.16014234875444838,-1.2820512820512822,0.3793103448275863,-0.7367423308127612,0.6486956521739131,0.6505952279325463,-0.3333333333333333,1.0,0.7333333333333333,3.0,0,0,1,1.0,1,1
4279,0.7295373665480427,-1.2820512820512822,0.7471264367816093,-0.05796376295816038,0.19999999999999976,0.05885210866649048,-0.3333333333333333,1.0,-0.4,2.0,0,0,1,1.0,0,0
4300,1.4234875444839856,4.948717948717949,5.264367816091954,-0.8892592618693578,2.0069565217391303,1.6161915582077755,0.0,0.3333333333333333,0.06666666666666667,3.0,1,1,1,1.0,0,0
4310,-0.32028469750889677,-1.2820512820512822,-0.3333333333333333,0.13149493653936956,0.10608695652173904,-0.0650011023426837,0.6666666666666666,-1.0,0.5333333333333333,2.0,1,1,1,1.0,0,1
4323,-0.16014234875444838,-0.9230769230769231,-0.35402298850574704,0.9748694493971064,-0.4643478260869565,-1.046652478489473,0.3333333333333333,0.0,-0.4,3.0,1,1,1,1.0,0,0
4343,-0.32028469750889677,-1.2820512820512822,-0.24137931034482757,1.4902360129387804,0.43652173913043446,0.37077871417107766,-0.5,-0.3333333333333333,1.0,2.0,1,1,1,1.0,0,1
4399,-0.32028469750889677,-1.2820512820512822,-0.36781609195402293,0.04551829117893713,-0.017391304347826333,-0.2278451390399317,0.16666666666666666,0.3333333333333333,-0.06666666666666667,2.0,1,1,1,1.0,0,0
4406,-0.32028469750889677,-1.2820512820512822,-0.2643678160919539,0.8828603443294174,0.35478260869565204,0.2629805490334633,-0.5,-0.3333333333333333,-0.6666666666666666,2.0,1,1,1,1.0,0,1
4410,0.10676156583629892,-1.2820512820512822,0.6666666666666669,-0.13783747595120474,1.4504347826086956,1.707934677473831,-0.8333333333333334,-0.6666666666666666,0.2,2.0,1,1,1,1.0,0,1
4417,-0.23131672597864766,-1.2820512820512822,-0.32183908045977,-0.2695649722690082,-0.1339130434782611,-0.381514863810574,0.5,0.0,-0.4,3.0,1,1,0,1.0,0,0
4514,-0.30249110320284694,-1.2820512820512822,-0.19540229885057464,1.228359607890119,0.5304347826086958,0.4946319251802527,-0.3333333333333333,0.3333333333333333,-0.8666666666666667,3.0,1,1,1,1.0,0,1
4545,0.30249110320284694,4.948717948717949,4.114942528735632,-0.3604042311785143,2.196521739130435,1.8661915582077757,1.0,-0.3333333333333333,0.26666666666666666,2.0,1,1,1,1.0,0,0
4570,-0.4626334519572953,0.0,-0.2218390804597701,-0.6901458079338121,-0.4156521739130436,-0.7989460564711243,0.5,0.3333333333333333,-0.06666666666666667,3.0,0,1,0,1.0,0,0
4613,-0.19572953736654802,-1.2820512820512822,-0.1149425287356322,-0.6639017893008408,0.4069565217391304,0.33178788848300467,0.16666666666666666,0.0,-0.4,3.0,1,1,1,1.0,0,0
4620,-0.32028469750889677,-1.2820512820512822,-0.1149425287356322,0.5629567509284773,0.892173913043478,0.9716961453637388,-0.5,-0.3333333333333333,0.3333333333333333,2.0,1,1,1,1.0,0,1
4623,-0.6743772241992882,-0.9230769230769231,-0.36781609195402293,1.522597058471166,-0.04695652173913067,-0.4961937628931428,-0.5,0.6666666666666666,0.4666666666666667,2.0,0,1,1,1.0,0,0
4629,-0.14234875444839856,-1.2820512820512822,-0.04597701149425271,0.9933332863515599,0.4400000000000002,0.37536587013438116,0.16666666666666666,-1.0,-0.5333333333333333,3.0,0,0,1,1.0,0,0
4632,0.4626334519572953,-1.2820512820512822,1.1149425287356323,1.1340953776982219,1.32,1.5359163288499778,1.0,1.0,-0.06666666666666667,2.0,1,1,1,1.0,0,1
4706,-0.30249110320284694,-1.2820512820512822,0.0,0.8462145610610363,1.2191304347826084,1.4028888059141975,-0.8333333333333334,-0.6666666666666666,0.8666666666666667,2.0,1,1,1,1.0,0,1
4753,0.8185053380782917,4.948717948717949,3.6551724137931036,-0.8168133672541737,1.1530434782608694,0.49004476921694917,0.3333333333333333,1.0,-0.6,3.0,0,1,1,1.0,0,0
4764,-0.2846975088967971,-1.2820512820512822,-0.1149425287356322,-0.10760470475479038,0.7391304347826086,0.7698612829784178,-0.6666666666666666,0.3333333333333333,0.2,2.0,1,1,1,1.0,0,1
4806,0.800711743772242,1.205128205128205,-0.48275862068965514,-0.22857807313652667,0.7339130434782607,-0.17738642344360164,-0.8333333333333334,0.3333333333333333,-0.3333333333333333,1.0,1,0,1,1.0,0,0
4810,-0.32028469750889677,0.0,-0.07586206896551727,0.3406014136815622,0.4191304347826087,0.301971374721537,0.0,1.0,-0.9333333333333333,3.0,0,1,0,1.0,0,0
4829,-0.19572953736654802,0.0,-0.26321839080459764,0.17755586720131925,1.08,1.1735310077490606,-0.5,-0.6666666666666666,-0.7333333333333333,2.0,0,1,0,1.0,0,1
4832,-0.30249110320284694,-1.2820512820512822,-0.022988505747126357,0.5256485246548601,1.1373913043478259,1.295090640776583,-0.6666666666666666,-0.6666666666666666,-0.2,2.0,1,1,1,1.0,0,1
4841,-0.2669039145907473,-1.2820512820512822,-0.20689655172413782,0.12333420249614162,0.3565217391304349,0.2652741270151148,0.6666666666666666,0.3333333333333333,-0.13333333333333333,2.0,1,1,1,1.0,0,1
4855,-0.2846975088967971,-1.2820512820512822,0.03448275862068974,-0.12117773909611766,1.2521739130434781,1.446466787565574,-0.6666666666666666,0.3333333333333333,-0.7333333333333333,2.0,1,1,1,1.0,0,1
4856,0.7473309608540925,-1.2820512820512822,0.5862068965517243,-0.6520482878667221,-0.06434782608695669,-0.28977174454451876,0.16666666666666666,1.0,0.26666666666666666,3.0,1,1,1,1.0,1,0
4876,0.14234875444839856,-1.2820512820512822,0.7126436781609197,-0.1401630737355443,1.4365217391304343,1.68958605362062,-0.8333333333333334,0.6666666666666666,0.0,2.0,1,1,1,1.0,0,1
4892,-0.46975088967971523,-0.9230769230769231,-0.5758620689655172,0.9163630469559334,-0.33391304347826084,-0.8746341298656197,0.0,0.3333333333333333,0.4666666666666667,3.0,0,1,1,1.0,0,0
4951,-0.32028469750889677,-1.2820512820512822,-0.13793103448275856,0.18904291080275407,0.8104347826086957,0.8638979802261243,1.0,-0.6666666666666666,0.26666666666666666,2.0,1,1,1,1.0,0,1
4979,-0.5516014234875445,-1.2820512820512822,-0.5632183908045977,0.364519834530194,0.0765217391304347,-0.1039919280307571,0.16666666666666666,0.3333333333333333,-0.6,3.0,0,0,1,1.0,0,0
5012,-0.1779359430604982,1.205128205128205,0.09310344827586213,-0.3540757862987054,0.9791304347826085,0.1460080719692426,0.5,-0.3333333333333333,-0.7333333333333333,3.0,1,1,1,1.0,0,0
5013,0.3736654804270462,0.0,0.5770114942528738,-0.6889759617756291,-0.34608695652173915,-0.7072029372050691,0.5,0.3333333333333333,-0.06666666666666667,3.0,0,1,0,1.0,0,0
5024,-0.2508896797153025,-0.9230769230769231,-0.7126436781609196,1.6057547974263384,-0.3443478260869566,-0.8883955977555281,0.0,-0.3333333333333333,0.2,3.0,0,1,0,1.0,0,0
5036,0.21352313167259784,0.0,0.3448275862068966,-0.5687496035912868,0.8365217391304346,0.8524300903178672,0.8333333333333334,1.0,0.6666666666666666,2.0,0,1,0,1.0,0,1
5050,0.43950177935943063,-0.9230769230769231,0.4344827586206898,0.610004298832268,-0.3669565217391306,-0.9182121115169962,0.3333333333333333,0.0,0.13333333333333333,3.0,0,1,0,1.0,0,0
5051,0.5338078291814946,4.948717948717949,0.781609195402299,-0.36148951014453945,2.196521739130435,1.8661915582077757,1.0,-0.3333333333333333,0.26666666666666666,2.0,1,1,1,1.0,0,0
5073,0.028469750889679738,-0.9230769230769231,-0.6149425287356322,0.08627967779899788,0.01043478260869543,-0.42050568949864736,1.0,-0.6666666666666666,0.4666666666666667,2.0,1,1,1,1.0,0,0
5078,0.6405693950177935,-1.2820512820512822,0.5977011494252875,-0.7215484252884093,0.10608695652173904,-0.0650011023426837,-0.16666666666666666,1.0,-0.3333333333333333,3.0,1,0,1,1.0,0,0
5082,0.07117437722419928,1.205128205128205,1.9827586206896552,-0.22767602308684345,0.7339130434782607,-0.17738642344360164,-0.8333333333333334,0.3333333333333333,-0.3333333333333333,1.0,1,0,1,1.0,0,0
5138,-0.32028469750889677,-1.2820512820512822,-0.4022988505747126,-0.6771365548735369,-0.14260869565217396,-0.39298275371883057,0.0,0.3333333333333333,0.7333333333333333,3.0,1,1,1,1.0,0,0
5154,-0.32028469750889677,-1.2820512820512822,-0.37931034482758613,0.658193503830189,-0.05913043478260867,-0.2828910105995644,0.0,0.0,0.8,3.0,1,1,1,1.0,0,0
5184,-0.32028469750889677,-1.2820512820512822,-0.37931034482758613,0.7299910499721634,-0.05913043478260867,-0.2828910105995644,0.5,-0.6666666666666666,0.13333333333333333,3.0,1,1,1,1.0,0,0
5235,-0.38790035587188604,-0.9230769230769231,-0.24597701149425286,1.0957723451187111,0.6052173913043479,0.3638979802261241,1.0,-0.6666666666666666,0.6666666666666666,2.0,1,1,1,1.0,0,1
5242,0.4270462633451957,0.0,0.20459770114942544,0.3837447762140678,-0.033043478260869785,-0.29435890050782143,0.0,0.3333333333333333,0.3333333333333333,3.0,0,1,1,1.0,0,0
5244,-0.32028469750889677,-1.2820512820512822,-0.48275862068965514,-0.31256738948125073,-0.4330434782608696,-0.7760102766546106,0.16666666666666666,-0.6666666666666666,0.3333333333333333,3.0,1,1,1,1.0,0,0
5262,0.16014234875444838,0.0,0.5517241379310346,0.4498904150134955,0.4017391304347824,0.2790355949050229,0.16666666666666666,0.0,0.13333333333333333,3.0,0,1,1,1.0,0,0
5298,0.3558718861209964,4.948717948717949,-0.13793103448275856,-0.4994890732140466,1.3617391304347823,0.7652741270151143,0.0,-0.3333333333333333,0.3333333333333333,3.0,1,1,1,1.0,0,0
5306,0.22241992882562275,-0.9230769230769231,0.2632183908045978,0.06284047103926031,0.2539130434782607,-0.09940477206745435,0.8333333333333334,0.6666666666666666,0.4,3.0,1,1,0,1.0,0,1
5317,-0.32028469750889677,-1.2820512820512822,-0.24137931034482757,-0.16721048069401476,0.43652173913043446,0.37077871417107766,1.0,-1.0,-0.13333333333333333,2.0,1,1,1,1.0,0,1
5329,-0.07117437722419928,-1.2820512820512822,-0.08045977011494246,0.04128993157104701,0.13739130434782593,-0.023716698672958874,0.16666666666666666,-1.0,-0.3333333333333333,2.0,1,1,1,1.0,1,0
5349,-0.4928825622775801,-0.9230769230769231,-0.2758620689655172,1.4895312863374655,-0.03652173913043493,-0.4824322950032345,-0.6666666666666666,0.6666666666666666,-0.4666666666666667,2.0,1,1,1,1.0,0,0
5352,0.2669039145907473,-1.2820512820512822,0.7011494252873566,-0.5237880464273885,1.0452173913043474,1.1735310077490597,1.0,-0.3333333333333333,0.06666666666666667,2.0,1,1,1,1.0,0,1
5354,0.4448398576512455,-1.2820512820512822,0.36781609195402315,0.7487790611632217,0.03478260869565205,-0.15903779959039022,0.6666666666666666,0.0,-0.3333333333333333,2.0,1,1,1,1.0,0,0
5355,-0.32028469750889677,-1.2820512820512822,-0.44827586206896547,1.3142939696544726,-0.30782608695652197,-0.6108726619757117,0.3333333333333333,-0.3333333333333333,-0.7333333333333333,3.0,1,1,1,1.0,0,0
5366,-0.1779359430604982,0.0,0.0574712643678161,0.16272841950965122,1.1321739130434778,1.2423383471986011,-0.6666666666666666,-0.3333333333333333,0.26666666666666666,2.0,0,1,0,1.0,0,1
5380,1.085409252669039,1.205128205128205,1.7517241379310349,0.3458022959992671,0.8330434782608694,-0.04665247848947308,0.3333333333333333,1.0,0.4,3.0,0,0,1,1.0,0,0
5384,-0.32028469750889677,-1.2820512820512822,-0.29885057471264365,-0.24449079979421984,0.2295652173913044,0.09784293435456429,0.6666666666666666,-1.0,-0.7333333333333333,3.0,1,1,1,1.0,0,1
5392,1.085409252669039,-1.2820512820512822,1.1264367816091956,-0.25479390270544544,0.2278260869565215,0.09554935637291276,0.5,0.0,0.5333333333333333,3.0,1,1,1,1.0,0,1
5410,-0.3380782918149466,-1.2820512820512822,-0.37931034482758613,1.0566177351496486,0.0,-0.20490935922341755,0.5,0.3333333333333333,0.26666666666666666,3.0,1,1,1,1.0,0,0
5421,-0.0889679715302491,0.0,-0.7931034482758621,0.13179092171192186,0.6626086956521737,0.6230722921527295,-0.8333333333333334,0.0,-0.8666666666666667,2.0,0,0,1,1.0,0,1
5448,-0.49822064056939497,0.0,0.8000000000000002,0.2398396042255407,0.17565217391304344,-0.019129542709655913,-0.3333333333333333,0.0,-0.3333333333333333,2.0,0,1,1,1.0,0,1
5455,0.0,-1.2820512820512822,-0.011494252873563178,-0.5864382412842938,0.13565217391304338,-0.026010276654610306,0.6666666666666666,0.6666666666666666,-0.3333333333333333,3.0,1,1,1,1.0,1,0
5465,-0.1779359430604982,-1.2820512820512822,-0.0574712643678161,-0.704451757940507,0.5234782608695648,0.48545761325364656,-0.16666666666666666,-0.6666666666666666,0.7333333333333333,3.0,1,1,1,1.0,1,0
5519,0.7295373665480427,-1.2820512820512822,1.35632183908046,-0.13460982811718195,1.1130434782608694,1.2629805490334636,-0.8333333333333334,0.0,0.3333333333333333,2.0,1,1,1,1.0,0,1
5523,-0.6779359430604982,-0.9230769230769231,-0.37931034482758613,1.6042466824995243,-0.3130434782608697,-0.8471111940858034,0.0,0.6666666666666666,-0.06666666666666667,3.0,0,1,1,1.0,0,0
5547,-0.05338078291814946,1.205128205128205,0.02988505747126455,-0.12485641195498207,0.7843478260869562,-0.11087266197571191,0.0,-1.0,-0.8666666666666667,3.0,1,1,1,1.0,0,0
5560,-0.30249110320284694,-1.2820512820512822,0.0,1.3985933657037752,1.2191304347826084,1.4028888059141975,1.0,0.3333333333333333,-0.8,2.0,1,1,1,1.0,0,1
5561,-0.3362989323843416,-0.9230769230769231,-0.828735632183908,0.4277056216040987,0.08869565217391301,-0.3172946803243351,-0.8333333333333334,0.6666666666666666,0.0,2.0,1,1,1,1.0,0,0
5562,0.2562277580071175,-0.9230769230769231,0.1609195402298851,0.5456063820041015,-0.41043478260869587,-0.9755515610582807,-0.16666666666666666,-1.0,0.9333333333333333,3.0,0,1,1,1.0,0,0
5595,-0.6227758007117438,1.205128205128205,-0.6620689655172414,-0.12829547776939937,-0.10260869565217388,-1.280597432617914,0.0,0.6666666666666666,-1.0,3.0,1,0,0,1.0,0,0
5617,-0.21352313167259784,-1.2820512820512822,-0.160919540229885,-0.6457480320509659,0.3234782608695651,0.22169614536373847,0.16666666666666666,0.3333333333333333,0.6,3.0,1,1,1,1.0,1,0
5652,0.12455516014234874,-1.2820512820512822,0.04597701149425292,-0.6030275054792493,-0.010434782608695738,-0.21867082711332597,0.5,-0.3333333333333333,0.5333333333333333,3.0,1,1,1,1.0,0,0
5662,-0.30249110320284694,-1.2820512820512822,-0.31034482758620685,-0.3893121163644564,0.1269565217391302,-0.03747816656286736,-0.3333333333333333,-0.3333333333333333,0.8666666666666667,3.0,1,1,1,1.0,0,0
5665,-0.32028469750889677,-1.2820512820512822,-0.47126436781609193,0.636981233130607,-0.391304347826087,-0.7209644050949775,0.0,-0.6666666666666666,-0.26666666666666666,3.0,1,1,1,1.0,0,0
5678,0.5693950177935942,0.0,-0.20114942528735624,-0.029337768412744276,-0.15478260869565227,-0.4549093592234177,0.5,-1.0,-0.8666666666666667,3.0,0,1,0,1.0,0,0
5732,-0.39145907473309605,-0.9230769230769231,0.011494252873563383,0.2073939915009972,-0.017391304347826333,-0.45720293720506944,-0.16666666666666666,-1.0,0.6,3.0,0,1,1,1.0,0,0
5772,-0.32028469750889677,-1.2820512820512822,-0.41379310344827586,0.002233983326168613,-0.1843478260869566,-0.4480286252784637,0.0,0.0,-0.4666666666666667,2.0,1,1,1,1.0,0,0
5843,-0.30249110320284694,-1.2820512820512822,-0.19540229885057464,0.5656206174814481,0.5304347826086958,0.4946319251802527,-0.5,0.0,0.4,2.0,1,1,1,1.0,0,1
5859,-0.30249110320284694,-1.2820512820512822,-0.4597701149425287,-0.003587058400693451,-0.40000000000000013,-0.7324322950032346,0.0,0.3333333333333333,-0.8666666666666667,2.0,1,1,1,1.0,0,0
5872,-0.32028469750889677,-1.2820512820512822,-0.47126436781609193,-0.3673387409354541,-0.391304347826087,-0.7209644050949775,-0.16666666666666666,-0.3333333333333333,0.26666666666666666,3.0,1,1,1,1.0,0,0
5889,0.1779359430604982,1.205128205128205,0.20689655172413804,-0.43999605353103266,0.36695652173913035,-0.6613313775720422,0.0,0.3333333333333333,-1.0,3.0,0,1,1,1.0,0,0
5899,-0.30249110320284694,-1.2820512820512822,-0.2528735632183907,-0.12179789850527488,0.32869565217391317,0.22857687930869286,-0.6666666666666666,0.0,-0.8,2.0,1,1,1,1.0,0,1
5903,-0.03558718861209964,-1.2820512820512822,0.02298850574712656,-0.024418776735565438,0.31652173913043485,0.21252183343713316,-0.16666666666666666,-1.0,-0.4666666666666667,2.0,0,0,1,1.0,0,0
5927,-0.32028469750889677,-1.2820512820512822,-0.42528735632183906,0.005954939781111918,-0.2243478260869567,-0.5007809188564455,0.0,-1.0,-0.2,2.0,1,1,1,1.0,0,0
5947,-0.24911032028469748,-1.2820512820512822,-0.32183908045977,-0.27992445330833904,-0.0834782608695653,-0.31500110234268386,0.5,-0.3333333333333333,-0.9333333333333333,3.0,1,1,0,1.0,0,0
5948,-0.32028469750889677,-1.2820512820512822,-0.4597701149425287,1.5404548305484886,-0.3495652173913043,-0.6659185335353444,0.0,0.3333333333333333,-0.3333333333333333,3.0,1,1,1,1.0,0,0
5950,-0.32028469750889677,-1.2820512820512822,-0.4942528735632183,0.03243856545853036,-0.4730434782608697,-0.8287625702325924,0.16666666666666666,-1.0,-0.8,2.0,1,1,1,1.0,0,0
6024,-0.30249110320284694,-1.2820512820512822,0.03448275862068974,0.23358163200586332,1.3391304347826085,1.5611456866481428,-0.6666666666666666,0.6666666666666666,-0.3333333333333333,2.0,1,1,1,1.0,0,1
6038,-0.9786476868327402,0.0,0.20344827586206915,-0.30981895573612217,0.12347826086956505,-0.0879368821591974,-0.3333333333333333,0.6666666666666666,-0.6,2.0,0,1,0,1.0,0,0
6054,-0.32028469750889677,-1.2820512820512822,-0.37931034482758613,0.4165145631752162,-0.05913043478260867,-0.2828910105995644,0.5,0.3333333333333333,-0.5333333333333333,3.0,1,1,1,1.0,0,0
6072,0.29359430604982206,-0.9230769230769231,-0.19655172413793096,0.31506212164990594,-0.4695652173913045,-1.0535332124344274,0.5,0.0,-0.4,3.0,0,1,0,1.0,0,0
6076,-0.5960854092526691,-0.9230769230769231,-0.735632183908046,1.4991578517114286,-0.033043478260869785,-0.4778451390399318,-0.6666666666666666,0.6666666666666666,0.4666666666666667,2.0,0,1,0,1.0,0,0
6136,-0.30249110320284694,-1.2820512820512822,-0.34482758620689646,-0.2716932466049796,0.005217391304347715,-0.1980286252784636,0.5,-0.3333333333333333,-0.4666666666666667,3.0,1,1,1,1.0,0,0
6144,-0.32028469750889677,-1.2820512820512822,-0.160919540229885,1.5183546043312497,0.7269565217391304,0.7538062371068581,-0.16666666666666666,0.0,-0.6666666666666666,3.0,1,1,1,1.0,0,0
6170,-0.30249110320284694,-1.2820512820512822,-0.22988505747126428,1.5031747933389241,0.4086956521739127,0.3340814664646556,-0.3333333333333333,0.6666666666666666,0.06666666666666667,3.0,1,1,1,1.0,0,1
6188,-0.32028469750889677,-1.2820512820512822,-0.3563218390804598,-0.12498326274321876,0.02260869565217374,-0.1750928454619498,-0.6666666666666666,-0.6666666666666666,-0.9333333333333333,2.0,1,1,1,1.0,0,1
6199,0.1779359430604982,1.205128205128205,0.47011494252873565,-0.4165145631752162,-0.11826086956521734,-1.3012396344527764,0.0,0.3333333333333333,-0.06666666666666667,3.0,1,1,0,1.0,0,0
6203,-0.3380782918149466,-1.2820512820512822,-0.41379310344827586,0.996434083397346,-0.1269565217391305,-0.3723405518839683,0.16666666666666666,-0.3333333333333333,-0.4,3.0,1,1,1,1.0,0,0
6217,-0.11387900355871883,-0.9230769230769231,-0.5919540229885057,1.5535204617368692,-0.22086956521739154,-0.7255515610582806,-0.3333333333333333,0.6666666666666666,0.26666666666666666,3.0,0,1,1,1.0,0,0
6229,1.1387900355871885,1.205128205128205,1.9885057471264371,0.2392194448163835,0.9060869565217393,0.04967779673988516,-0.3333333333333333,1.0,-0.8,3.0,1,1,0,1.0,0,0
6242,-0.2669039145907473,-1.2820512820512822,-0.2873563218390804,0.14949365393695516,0.08695652173913043,-0.09023046014084862,0.8333333333333334,0.3333333333333333,-0.3333333333333333,2.0,1,1,1,1.0,0,1
6256,-0.32028469750889677,-1.2820512820512822,-0.2643678160919539,-0.41552794593337516,0.35478260869565204,0.2629805490334633,-0.3333333333333333,-0.3333333333333333,-0.5333333333333333,2.0,1,1,1,1.0,0,1
6286,-0.07829181494661919,-0.9230769230769231,-0.7586206896551725,1.618961373934982,-0.31826086956521743,-0.8539919280307574,0.0,-1.0,0.5333333333333333,3.0,0,1,0,1.0,0,0
6305,-0.32028469750889677,-1.2820512820512822,-0.47126436781609193,0.08632196139507678,-0.391304347826087,-0.7209644050949775,0.5,0.0,-0.5333333333333333,2.0,1,1,1,1.0,0,0
6313,-0.14234875444839856,-1.2820512820512822,-0.1149425287356322,-0.4272545965792571,0.23999999999999982,0.11160440224447235,-0.5,-0.6666666666666666,0.5333333333333333,2.0,1,1,1,1.0,0,0
6317,-0.1708185053380783,-0.9230769230769231,-0.07241379310344817,0.7016046624711944,0.4539130434782608,0.16435669582245405,0.8333333333333334,-0.3333333333333333,-0.9333333333333333,3.0,1,0,1,1.0,0,1
6329,-0.30249110320284694,-1.2820512820512822,-0.4367816091954022,0.6746700117689343,-0.31826086956521743,-0.6246341298656197,0.16666666666666666,-0.3333333333333333,-0.3333333333333333,3.0,1,1,1,1.0,0,0
6344,-0.32028469750889677,-1.2820512820512822,-0.34482758620689646,0.3279445239219445,0.06434782608695638,-0.1200469739023168,-0.16666666666666666,-0.6666666666666666,0.4666666666666667,3.0,1,1,1,1.0,0,0
6349,-0.5871886120996441,0.0,0.10114942528735642,0.42064426105892216,0.31478260869565194,0.16435669582245405,0.16666666666666666,1.0,-0.6,3.0,0,1,1,1.0,0,1
6367,0.07117437722419928,-0.9230769230769231,0.2873563218390805,0.5571638982656678,-0.3756521739130435,-0.9296800014252529,0.0,-0.6666666666666666,-0.13333333333333333,3.0,0,1,1,1.0,0,0
6382,-0.32028469750889677,-1.2820512820512822,-0.3908045977011494,-0.00016208711830245455,-0.10086956521739132,-0.3379368821591975,0.0,-0.6666666666666666,-0.6,2.0,1,1,1,1.0,0,0
6383,-0.30249110320284694,-1.2820512820512822,-0.34482758620689646,1.253039133468171,0.005217391304347715,-0.1980286252784636,-0.16666666666666666,0.3333333333333333,-0.06666666666666667,3.0,1,1,1,1.0,0,0
6396,1.8505338078291813,1.205128205128205,2.0735632183908046,-0.16768969478290896,0.36695652173913035,-0.6613313775720422,-0.5,1.0,0.5333333333333333,1.0,0,1,1,1.0,0,0
6406,0.5871886120996441,-1.2820512820512822,0.36781609195402315,0.34024905038090475,-0.1843478260869566,-0.4480286252784637,0.0,-0.6666666666666666,-0.2,3.0,1,0,1,1.0,0,0
6413,-0.12099644128113873,-0.9230769230769231,-0.8448275862068966,1.426965658672718,-0.13565217391304368,-0.6131662399573631,0.8333333333333334,0.6666666666666666,-0.4,3.0,1,1,1,1.0,0,0
6427,1.3523131672597863,1.205128205128205,0.781609195402299,0.15637178556578976,0.8017391304347825,-0.0879368821591978,0.6666666666666666,1.0,-0.8,3.0,0,1,1,1.0,0,0
6505,0.7473309608540925,-1.2820512820512822,0.5517241379310346,0.291792049274484,-0.1147826086956522,-0.35628550601240855,-0.3333333333333333,1.0,-0.4666666666666667,3.0,1,0,1,1.0,0,0
6531,-0.30249110320284694,-1.2820512820512822,-0.2528735632183907,-0.19183362814396154,0.32869565217391317,0.22857687930869286,0.8333333333333334,-1.0,0.4666666666666667,2.0,1,1,1,1.0,0,1
6611,-0.2846975088967971,-1.2820512820512822,-0.4367816091954022,-0.009450383723634416,-0.3686956521739132,-0.6911478913335098,-0.16666666666666666,-1.0,0.9333333333333333,2.0,1,1,1,1.0,0,0
6628,-0.2597864768683274,-0.9230769230769231,-0.7586206896551725,1.327458262567037,-0.4904347826086957,-1.0810561482142438,0.3333333333333333,0.3333333333333333,1.0,3.0,1,1,1,1.0,0,0
6631,-0.2669039145907473,-1.2820512820512822,-0.2643678160919539,-0.20453280149965822,0.16347826086956513,0.010686971051811765,0.8333333333333334,0.3333333333333333,-0.2,2.0,1,1,1,1.0,0,0
6670,-0.32028469750889677,-1.2820512820512822,-0.4022988505747126,0.6721329960042002,-0.14260869565217396,-0.39298275371883057,0.16666666666666666,-1.0,-0.4666666666666667,3.0,1,1,1,1.0,0,0
6776,0.05338078291814946,-1.2820512820512822,0.011494252873563383,-0.6801527847271651,0.06434782608695638,-0.1200469739023168,0.0,-0.3333333333333333,0.6,3.0,1,1,1,1.0,1,0
6832,3.7366548042704624,0.0,3.7126436781609193,-0.4946969323251045,0.17565217391304344,-0.019129542709655913,0.8333333333333334,1.0,-0.2,2.0,1,1,0,1.0,0,0
6851,0.10676156583629892,1.205128205128205,0.6666666666666669,-0.21070620652717778,1.4504347826086956,0.7675677049967661,-0.6666666666666666,0.3333333333333333,-1.0,1.0,1,1,1,1.0,0,1
6862,0.23131672597864766,-1.2820512820512822,0.5287356321839083,-0.15685099965468396,0.7843478260869562,0.8294943105013531,1.0,-0.6666666666666666,0.4,2.0,1,1,1,1.0,0,1
6873,-0.1779359430604982,-1.2820512820512822,0.21839080459770122,-0.10560328120705573,1.3582608695652172,1.5863750444463078,-0.6666666666666666,1.0,0.3333333333333333,2.0,0,0,1,1.0,0,1
6894,-0.6992882562277579,-0.9230769230769231,-0.7022988505747126,1.4987913938787447,-0.033043478260869785,-0.4778451390399318,-0.6666666666666666,0.6666666666666666,0.4666666666666667,2.0,0,1,1,1.0,0,0
6936,-0.21352313167259784,-1.2820512820512822,-0.14942528735632174,0.9852430249684635,0.36000000000000004,0.2698612829784176,0.16666666666666666,-0.6666666666666666,-0.9333333333333333,3.0,1,1,1,1.0,1,0
6966,-0.19572953736654802,0.0,-0.11839080459770109,0.1830245456275238,1.0278260869565217,1.1047236682995192,-0.5,0.6666666666666666,-0.4666666666666667,2.0,0,1,0,1.0,0,1
6997,-0.24911032028469748,-1.2820512820512822,-0.2758620689655172,0.4199677235216598,0.06782608695652152,-0.11545981793901405,0.5,-0.6666666666666666,-0.26666666666666666,3.0,1,1,1,1.0,0,0
7007,-0.5516014234875445,-1.2820512820512822,-0.5747126436781609,0.09497600405922522,0.015652173913043455,-0.18426715738855523,0.5,0.3333333333333333,0.0,2.0,0,0,1,1.0,0,0
7040,-0.7651245551601423,0.0,0.6701149425287357,-0.030634465359163914,0.645217391304348,0.6001365123362162,0.5,1.0,-0.9333333333333333,3.0,0,1,0,1.0,0,0
7058,-0.32028469750889677,-1.2820512820512822,-0.08045977011494246,-0.1117484971705227,1.0173913043478258,1.1368337600426377,-0.6666666666666666,-0.6666666666666666,0.0,2.0,1,1,1,1.0,0,1
7068,-0.32028469750889677,-1.2820512820512822,-0.2873563218390804,-0.22994524274307782,0.27130434782608676,0.15288880591419718,0.6666666666666666,-1.0,0.2,2.0,1,1,1,1.0,0,1
7069,-0.32028469750889677,-1.2820512820512822,-0.42528735632183906,0.3713838716270023,-0.2243478260869567,-0.5007809188564455,0.16666666666666666,0.0,-0.2,3.0,1,1,1,1.0,0,0
7083,0.24911032028469748,0.0,0.06436781609195409,-0.4464513491990782,-0.20695652173913065,-0.5237166986729592,1.0,-0.6666666666666666,0.26666666666666666,2.0,1,0,1,1.0,0,0
7084,-0.32028469750889677,-1.2820512820512822,-0.42528735632183906,-0.6705825974813071,-0.2243478260869567,-0.5007809188564455,0.16666666666666666,0.0,-0.8666666666666667,3.0,1,1,1,1.0,0,0
7121,-0.03558718861209964,-1.2820512820512822,0.02298850574712656,-0.5986441060190699,0.31652173913043485,0.21252183343713316,0.5,1.0,0.8,3.0,1,1,1,1.0,1,1
7142,-0.32028469750889677,-1.2820512820512822,-0.4597701149425287,0.38777581237358966,-0.3495652173913043,-0.6659185335353444,0.16666666666666666,0.3333333333333333,0.8,3.0,1,1,1,1.0,0,0
7176,-0.32028469750889677,-1.2820512820512822,-0.2528735632183907,0.8764332377254245,0.396521739130435,0.3180264205930967,-0.6666666666666666,-0.3333333333333333,0.7333333333333333,2.0,1,1,1,1.0,0,1
7188,-0.32028469750889677,-1.2820512820512822,-0.14942528735632174,-0.1340178577720773,0.7686956521739127,0.8088521086664908,-0.8333333333333334,0.0,0.3333333333333333,2.0,1,1,1,1.0,0,1
7210,1.1209964412811386,-1.2820512820512822,1.1264367816091956,0.41155328790195844,0.1843478260869563,0.03820990683162832,0.5,1.0,-0.8666666666666667,3.0,0,0,1,1.0,0,0
7219,-0.32028469750889677,-1.2820512820512822,-0.41379310344827586,0.35521744339283573,-0.1843478260869566,-0.4480286252784637,0.0,0.0,0.8666666666666667,3.0,1,1,1,1.0,0,0
7236,-0.32028469750889677,-1.2820512820512822,-0.4597701149425287,-0.3102136026328586,-0.3495652173913043,-0.6659185335353444,0.16666666666666666,0.0,0.4666666666666667,3.0,1,1,1,1.0,0,0
7243,0.7651245551601423,-1.2820512820512822,0.6896551724137931,0.3750202608897878,0.06434782608695638,-0.1200469739023168,0.16666666666666666,1.0,0.0,3.0,0,0,1,1.0,0,0
7253,-0.7473309608540925,1.205128205128205,-0.6977011494252874,0.281658080747574,0.5217391304347826,-0.45720293720506944,0.0,-0.6666666666666666,-1.0,3.0,1,0,0,1.0,0,0
7261,0.19572953736654802,-1.2820512820512822,0.3333333333333334,0.5774741189155667,0.46086956521739103,0.40288880591419707,-0.3333333333333333,0.3333333333333333,-0.6666666666666666,3.0,1,1,1,1.0,0,1
7323,-0.13345195729537365,-0.9230769230769231,-0.5264367816091954,1.6349868568488855,-0.16347826086956543,-0.6498634876637851,0.16666666666666666,0.6666666666666666,-0.2,3.0,1,1,1,1.0,0,0
7341,-0.40925266903914587,1.205128205128205,2.1172413793103453,-0.6382638355450003,1.349565217391304,0.6345401820609857,0.6666666666666666,0.6666666666666666,-0.6,3.0,1,1,1,1.0,0,1
7344,-0.30249110320284694,-1.2820512820512822,-0.17241379310344818,0.17060726291235315,0.6121739130434782,0.6024300903178671,1.0,0.0,-1.0,2.0,1,1,1,1.0,0,1
7359,-0.30249110320284694,-1.2820512820512822,-0.29885057471264365,0.7434090444612013,0.16695652173913028,0.015274127015114524,0.6666666666666666,0.0,-0.8,3.0,1,0,1,1.0,0,0
7385,-0.32028469750889677,-1.2820512820512822,-0.18390804597701146,0.25610469418389137,0.645217391304348,0.6460080719692436,-0.5,-0.6666666666666666,-0.6,2.0,1,1,1,1.0,0,1
7395,2.170818505338078,4.948717948717949,3.0804597701149428,-0.5893558094137379,1.7895652173913041,1.3294943105013532,-0.3333333333333333,-0.3333333333333333,-0.26666666666666666,3.0,1,0,1,1.0,0,0
7473,0.3256227758007117,-0.9230769230769231,0.3218390804597702,0.6077350791760336,-0.45391304347826106,-1.032891010599565,0.3333333333333333,0.0,0.13333333333333333,3.0,0,1,0,1.0,0,0
7477,-0.32028469750889677,-1.2820512820512822,-0.4367816091954022,0.3356965165364097,-0.2660869565217393,-0.5558267904160786,0.0,0.0,-1.0,3.0,1,1,1,1.0,0,0
7497,-0.32028469750889677,-1.2820512820512822,-0.4597701149425287,-0.004813282686981586,-0.3495652173913043,-0.6659185335353444,0.0,0.0,-0.9333333333333333,2.0,1,1,1,1.0,0,0
7498,-0.32028469750889677,-1.2820512820512822,-0.44827586206896547,0.3690159902465838,-0.30782608695652197,-0.6108726619757117,0.16666666666666666,-0.6666666666666666,-0.3333333333333333,3.0,1,1,1,1.0,0,0
7511,-0.3380782918149466,-1.2820512820512822,-0.04597701149425271,1.1402969717897942,1.2295652173913043,1.4166502738041062,1.0,-0.6666666666666666,0.5333333333333333,2.0,1,1,1,1.0,0,1
7530,-0.3932384341637011,-0.9230769230769231,-0.2747126436781609,0.20685839928399777,-0.017391304347826333,-0.45720293720506944,-0.16666666666666666,1.0,0.5333333333333333,3.0,0,1,1,1.0,0,0
7545,0.7117437722419928,-1.2820512820512822,1.1034482758620692,-0.18801400996483414,0.7669565217391304,0.8065585306848398,0.8333333333333334,0.0,0.6666666666666666,2.0,1,1,1,1.0,0,1
7562,0.0,-1.2820512820512822,0.2298850574712644,1.1035666213292554,0.7443478260869567,0.7767420169233722,0.8333333333333334,-1.0,0.13333333333333333,2.0,1,1,1,1.0,0,1
7598,0.09608540925266913,-0.9230769230769231,0.3390804597701151,-0.03390439678926561,-0.008695652173913167,-0.21637724913167458,0.3333333333333333,0.6666666666666666,-0.2,3.0,0,1,1,1.0,1,0
7601,-0.6761565836298932,-1.2820512820512822,-0.689655172413793,1.2375774318353194,0.027826086956521764,-0.16821211151699553,-0.3333333333333333,0.0,0.4666666666666667,3.0,1,0,1,1.0,0,0
7638,0.3736654804270462,-1.2820512820512822,0.5287356321839083,0.12210797820985349,0.46086956521739103,0.40288880591419707,0.6666666666666666,0.0,-0.2,2.0,1,1,1,1.0,0,1
7648,5.071174377224199,0.0,5.445977011494253,-0.4809547635994616,0.34956521739130403,0.2102282554554814,0.8333333333333334,0.6666666666666666,0.6666666666666666,2.0,0,1,0,1.0,0,0
7653,0.19572953736654802,-1.2820512820512822,0.1724137931034483,0.8995482702485571,0.11826086956521734,-0.048946056471123996,-0.5,0.3333333333333333,0.4,2.0,1,1,1,1.0,0,1
7664,1.103202846975089,1.205128205128205,2.2114942528735635,-0.2008400341087675,1.6886956521739132,1.081787888483005,-0.6666666666666666,1.0,0.06666666666666667,1.0,1,1,0,1.0,0,1
7686,0.5693950177935942,1.205128205128205,0.574712643678161,-0.5821394090162721,2.210434782608696,1.7698612829784182,1.0,1.0,0.06666666666666667,3.0,1,1,1,1.0,0,1
7690,-0.3380782918149466,-1.2820512820512822,-0.41379310344827586,0.3166970873649568,-0.1269565217391305,-0.3723405518839683,-0.16666666666666666,0.0,-0.3333333333333333,3.0,1,1,1,1.0,0,0
7693,-0.32028469750889677,-1.2820512820512822,-0.3333333333333333,0.16019140374491717,0.10608695652173904,-0.0650011023426837,0.8333333333333334,-0.6666666666666666,0.4,2.0,1,1,1,1.0,0,1
7700,-0.32028469750889677,-1.2820512820512822,-0.5057471264367815,0.054552886207795685,-0.5147826086956523,-0.8838084417922255,0.16666666666666666,0.3333333333333333,0.4,2.0,1,1,1,1.0,0,0
7701,-0.4626334519572953,0.0,-0.6666666666666666,-0.7859322475845496,-0.7634782608695653,-1.2576616528014,0.8333333333333334,-0.6666666666666666,-0.8666666666666667,2.0,1,0,1,1.0,0,1
7703,-0.32028469750889677,-1.2820512820512822,-0.20689655172413782,-0.5793909752711436,0.5617391304347826,0.5359163288499774,0.6666666666666666,0.3333333333333333,0.06666666666666667,3.0,1,1,1,1.0,0,0
7705,-0.32028469750889677,-1.2820512820512822,-0.44827586206896547,0.35926257408438395,-0.30782608695652197,-0.6108726619757117,0.16666666666666666,-1.0,-0.8666666666666667,3.0,1,1,1,1.0,0,0
7721,-0.4626334519572953,1.205128205128205,-0.18965517241379307,0.3146392856891169,1.36,0.6483016499508946,0.16666666666666666,1.0,0.6,3.0,1,1,1,1.0,0,0
7743,0.21352313167259784,1.205128205128205,-0.5735632183908046,-0.6494830830379354,0.5130434782608695,-0.46867082711332647,0.5,-1.0,0.6,3.0,1,1,1,1.0,0,0
7749,-0.9964412811387899,0.0,0.18390804597701169,-0.6946560581822282,0.2626086956521739,0.09554935637291295,0.5,-0.3333333333333333,-0.2,3.0,1,0,0,1.0,0,0
7794,-0.6797153024911032,-0.9230769230769231,-0.9471264367816091,1.5916461708680119,-0.3113043478260871,-0.8448176161041521,-0.16666666666666666,0.3333333333333333,1.0,3.0,0,1,1,1.0,0,0
7815,-0.2846975088967971,-1.2820512820512822,-0.09195402298850563,-0.5533442800865405,0.8173913043478259,0.8730722921527296,0.8333333333333334,-0.3333333333333333,0.2,2.0,1,1,1,1.0,0,1
7835,-0.32028469750889677,-1.2820512820512822,-0.31034482758620685,-0.26395534852254066,0.18956521739130433,0.04509064077658251,0.5,-0.6666666666666666,-0.06666666666666667,3.0,1,1,1,1.0,0,0
7839,0.39145907473309605,0.0,0.033333333333333444,-0.24580159127266576,0.17565217391304344,-0.019129542709655913,-0.16666666666666666,-0.3333333333333333,-0.4666666666666667,3.0,0,1,0,1.0,0,0
7840,-0.5516014234875445,-1.2820512820512822,-0.4597701149425287,-0.5982353645903072,0.6156521739130433,0.6070172462811698,0.5,-1.0,0.8666666666666667,3.0,1,1,1,1.0,1,1
7849,0.6583629893238434,-1.2820512820512822,0.8390804597701151,-0.6194194462258367,0.45565217391304363,0.3960080719692435,0.3333333333333333,0.3333333333333333,0.8666666666666667,3.0,0,1,1,1.0,0,0
7853,0.4626334519572953,0.0,0.24712643678160925,-0.1323547029929739,-0.12000000000000022,-0.4090377995903903,0.16666666666666666,-0.3333333333333333,-0.8,3.0,0,1,0,1.0,0,0
7863,0.7508896797153025,-0.9230769230769231,0.3321839080459771,0.25910682950549335,-0.4452173913043479,-1.021423120691308,0.16666666666666666,0.0,0.0,3.0,1,1,1,1.0,0,0
7870,0.19217081850533801,-0.9230769230769231,0.002298850574712799,-0.684747602167739,-0.23826086956521755,-0.7484873408747943,0.0,1.0,-0.4,3.0,1,1,1,1.0,0,0
7903,0.9252669039145907,1.205128205128205,-0.13793103448275856,-0.025391299445380166,0.68,-0.24848734087479407,0.5,-0.6666666666666666,-0.4,3.0,1,1,0,1.0,0,0
7921,-0.06227758007117437,-0.9230769230769231,-0.44827586206896547,-0.11911993742027781,-0.3895652173913044,-0.9480286252784639,-0.16666666666666666,0.6666666666666666,0.06666666666666667,3.0,1,1,1,1.0,0,0
7924,-0.32028469750889677,-1.2820512820512822,-0.22988505747126428,-0.46550715649863633,0.4782608695652174,0.4258245857307112,-0.6666666666666666,0.0,0.2,2.0,1,1,1,1.0,0,1
7999,-0.32028469750889677,-1.2820512820512822,-0.011494252873563178,0.2149486606670942,1.2660869565217394,1.4648154114187855,-0.8333333333333334,-0.6666666666666666,0.5333333333333333,2.0,1,1,1,1.0,0,1
8002,-0.32028469750889677,-1.2820512820512822,-0.160919540229885,-0.11312976130910013,0.7269565217391304,0.7538062371068581,-0.6666666666666666,0.3333333333333333,-0.26666666666666666,2.0,1,1,1,1.0,0,1
8014,0.3149466192170819,-0.9230769230769231,-0.08160919540229875,0.21641449199782944,-0.4208695652173913,-0.9893130289481886,0.0,0.6666666666666666,-0.6666666666666666,3.0,0,1,0,1.0,0,0
8045,0.40925266903914587,-1.2820512820512822,0.4482758620689656,0.4612647023587199,0.2417391304347824,0.11389798022612369,0.6666666666666666,0.0,0.6666666666666666,2.0,1,1,1,1.0,0,1
8059,0.11032028469750894,-0.9230769230769231,0.033333333333333444,0.4039704296718088,-0.008695652173913167,-0.4457350472968124,1.0,0.6666666666666666,0.2,2.0,0,1,1,1.0,0,0
8061,-0.5871886120996441,-1.2820512820512822,-0.4367816091954022,1.237267352130741,0.9756521739130434,1.081787888483005,-0.3333333333333333,0.0,0.4666666666666667,3.0,0,0,1,1.0,1,0
8073,-0.7473309608540925,1.205128205128205,1.1137931034482762,0.33985440348416834,0.19999999999999976,-0.8815148638105745,0.3333333333333333,0.6666666666666666,-0.6,3.0,1,0,1,1.0,0,0
8146,-0.32028469750889677,-1.2820512820512822,-0.2873563218390804,-0.21950119451158923,0.27130434782608676,0.15288880591419718,0.6666666666666666,-0.3333333333333333,0.8,2.0,1,1,1,1.0,0,1
8147,-0.22419928825622779,-0.9230769230769231,-0.5689655172413792,1.42162383103475,-0.1269565217391305,-0.601698350049106,0.8333333333333334,0.6666666666666666,-0.8666666666666667,3.0,1,1,1,1.0,0,0
8154,1.4590747330960854,4.948717948717949,4.574712643678161,-0.7050860118816905,2.2939130434782604,1.9946319251802525,1.0,0.6666666666666666,0.06666666666666667,2.0,1,1,1,1.0,0,0
8162,-0.10676156583629892,-1.2820512820512822,0.011494252873563383,0.9087801887257838,0.49217391304347796,0.4441732095839218,-0.3333333333333333,-1.0,-1.0,2.0,0,0,1,1.0,0,0
8175,0.8113879003558717,-0.9230769230769231,0.3218390804597702,0.5036751492258579,-0.5269565217391307,-1.129221285828923,-0.3333333333333333,0.6666666666666666,0.4666666666666667,3.0,1,0,1,1.0,0,0
8179,-0.32028469750889677,-1.2820512820512822,-0.31034482758620685,1.343314611096625,0.18956521739130433,0.04509064077658251,0.5,-0.3333333333333333,0.9333333333333333,3.0,1,1,1,1.0,0,0
8186,1.886120996441281,4.948717948717949,4.114942528735632,-0.3403336175730625,2.1286956521739127,1.7767420169233719,-0.8333333333333334,0.3333333333333333,-0.7333333333333333,2.0,1,1,1,1.0,0,0
8192,-0.16014234875444838,-0.9230769230769231,-0.2643678160919539,1.395492568657989,-0.10086956521739132,-0.5672946803243353,0.6666666666666666,0.6666666666666666,-0.6666666666666666,3.0,1,1,1,1.0,0,0
8202,-0.32028469750889677,-1.2820512820512822,-0.13793103448275856,0.2329755671287324,0.8104347826086957,0.8638979802261243,-0.6666666666666666,0.3333333333333333,-0.4,2.0,1,1,1,1.0,0,1
8228,0.32028469750889677,1.205128205128205,0.4586206896551725,-0.6387853332299734,1.349565217391304,0.6345401820609857,0.6666666666666666,0.3333333333333333,-0.6666666666666666,3.0,1,1,1,1.0,0,0
8234,0.4448398576512455,-1.2820512820512822,0.2298850574712644,1.0375055497219854,-0.2104347826086958,-0.4824322950032345,0.5,1.0,-1.0,3.0,1,1,1,1.0,1,0
8253,-0.32028469750889677,-1.2820512820512822,-0.2183908045977011,0.4777271157654388,0.5199999999999997,0.4808704572903439,1.0,-0.3333333333333333,-0.2,2.0,1,1,1,1.0,0,1
8263,0.15480427046263348,-0.9230769230769231,0.4114942528735633,0.08919724592844207,0.7321739130434785,0.5313291728866747,1.0,0.6666666666666666,0.7333333333333333,2.0,0,1,1,1.0,0,1
8265,0.5338078291814946,4.948717948717949,2.620689655172414,-0.6583626382145047,3.681739130434783,3.8249071545380526,-0.6666666666666666,-0.6666666666666666,-0.13333333333333333,2.0,0,1,1,1.0,0,0
8268,-0.05338078291814946,-1.2820512820512822,0.06896551724137948,-0.05716037463266126,0.48695652173913057,0.4372924756389682,-0.3333333333333333,-1.0,-0.3333333333333333,2.0,0,0,1,1.0,0,0
8275,-0.32028469750889677,-1.2820512820512822,-0.3333333333333333,1.5189465746763544,0.10608695652173904,-0.0650011023426837,-0.16666666666666666,0.0,-0.6666666666666666,3.0,1,1,1,1.0,0,1
8297,-0.01779359430604982,1.205128205128205,1.4643678160919544,-0.12184018210135378,0.7843478260869562,-0.11087266197571191,0.0,0.0,-0.6666666666666666,3.0,1,1,1,1.0,0,0
8320,-0.12989323843416364,-0.9230769230769231,-0.735632183908046,1.0934749363984242,-0.08000000000000015,-0.5397717445445189,1.0,0.6666666666666666,0.4666666666666667,2.0,1,1,1,1.0,0,0
8328,-0.30249110320284694,-1.2820512820512822,0.011494252873563383,0.2436310333406155,1.2591304347826084,1.4556410994921796,-0.6666666666666666,-0.3333333333333333,0.4,2.0,1,1,1,1.0,0,1
8361,0.10676156583629892,1.205128205128205,1.2471264367816095,-0.6020549827694346,2.0208695652173914,1.5198612829784182,0.8333333333333334,0.0,0.9333333333333333,3.0,1,1,1,1.0,0,1
8369,-0.3380782918149466,-1.2820512820512822,-0.48275862068965514,-0.36563330256027177,-0.3808695652173915,-0.7072029372050695,-0.16666666666666666,0.0,0.3333333333333333,3.0,1,1,1,1.0,0,0
8447,0.3256227758007117,-0.9230769230769231,-0.36781609195402293,1.0497677925848667,-0.13043478260869565,-0.6062855060124086,0.6666666666666666,0.3333333333333333,0.26666666666666666,3.0,0,1,1,1.0,0,0
8468,0.01779359430604982,-1.2820512820512822,0.0,-0.04898554605740703,0.11999999999999991,-0.04665247848947267,-0.3333333333333333,-1.0,0.13333333333333333,2.0,0,0,1,1.0,0,0
8478,-0.03558718861209964,-1.2820512820512822,-0.08045977011494246,-0.31595007716756285,0.04695652173913036,-0.1429827537188305,0.16666666666666666,0.6666666666666666,0.13333333333333333,3.0,1,1,1,1.0,1,0
8484,0.19572953736654802,-1.2820512820512822,0.09195402298850584,0.039711343984101366,-0.05391304347826096,-0.2760102766546104,0.16666666666666666,1.0,-0.4,2.0,1,0,1,1.0,0,0
8530,0.4270462633451957,0.0,0.1183908045977013,0.35862832014320045,-0.2243478260869567,-0.5466524784894728,0.0,-0.6666666666666666,-0.3333333333333333,3.0,0,1,1,1.0,0,0
8555,0.03558718861209964,-0.9230769230769231,-0.3206896551724137,1.6039366027949458,-0.3130434782608697,-0.8471111940858034,0.0,0.6666666666666666,-0.06666666666666667,3.0,1,1,1,1.0,0,0
8562,-0.4270462633451957,-1.2820512820512822,-0.20689655172413782,0.17334160212545544,1.0730434782608693,1.2102282554554817,1.0,-1.0,-0.7333333333333333,2.0,0,1,0,1.0,0,1
8594,-0.7117437722419928,0.0,-0.7057471264367815,-0.8687517177710907,7.236521739130435,9.292797062794936,0.16666666666666666,0.0,-0.4666666666666667,3.0,1,1,1,1.0,0,0
8612,-0.40925266903914587,0.0,0.14482758620689673,0.5132312419396895,0.12347826086956505,-0.0879368821591974,0.3333333333333333,-0.6666666666666666,0.26666666666666666,3.0,0,1,1,1.0,1,0
8635,0.4270462633451957,-1.2820512820512822,0.5632183908045978,-0.20994510179775755,0.41739130434782584,0.3455493563729127,0.8333333333333334,-1.0,-0.4666666666666667,2.0,1,0,1,1.0,0,0
8639,-0.4626334519572953,0.0,-0.3620689655172413,-0.7440151093383321,0.5930434782608696,0.5313291728866747,1.0,-0.3333333333333333,0.9333333333333333,2.0,1,1,0,1.0,0,0
8644,-0.5693950177935942,0.0,0.2804597701149427,0.41544337874121734,0.6104347826086953,0.554264952703188,0.16666666666666666,0.3333333333333333,-0.7333333333333333,3.0,0,1,1,1.0,0,0
8675,-0.03558718861209964,-1.2820512820512822,0.09195402298850584,-0.7291876616466642,0.4956521739130431,0.4487603655472245,-0.16666666666666666,1.0,-0.8,3.0,0,1,1,1.0,1,0
8680,0.48042704626334515,-1.2820512820512822,0.40229885057471265,-0.7168690406556776,0.03652173913043462,-0.15674422160873877,-0.16666666666666666,0.0,-0.06666666666666667,3.0,1,1,1,1.0,0,0
8755,1.9395017793594305,-1.2820512820512822,1.517241379310345,0.643690230375126,-0.1982608695652175,-0.4663772491316747,0.0,1.0,0.06666666666666667,3.0,1,1,1,1.0,0,0
8833,0.0889679715302491,1.205128205128205,1.6666666666666667,-0.4920753493682126,1.7078260869565218,1.10701724628117,-0.5,-0.6666666666666666,0.26666666666666666,3.0,1,1,1,1.0,0,1
8854,-0.30249110320284694,-1.2820512820512822,-0.44827586206896547,1.0363075144997498,-0.35826086956521747,-0.6773864234436014,0.3333333333333333,0.3333333333333333,0.9333333333333333,3.0,1,1,1,1.0,0,0
8868,-0.16014234875444838,-1.2820512820512822,0.24137931034482776,0.8381383942099663,1.3513043478260869,1.5772007325197026,-0.8333333333333334,-1.0,0.3333333333333333,2.0,0,0,1,1.0,0,1
8871,-0.30249110320284694,-1.2820512820512822,-0.4367816091954022,0.6631265900393942,-0.31826086956521743,-0.6246341298656197,0.16666666666666666,-1.0,-0.9333333333333333,3.0,1,1,1,1.0,0,0
8895,-0.7829181494661921,0.0,0.4954022988505748,0.03668101959844678,0.4886956521739128,0.3937144939875918,0.5,1.0,0.9333333333333333,3.0,0,1,0,1.0,0,0
8913,0.16014234875444838,-1.2820512820512822,0.4597701149425288,0.795474245766355,0.8243478260869562,0.882246604079335,1.0,1.0,-0.9333333333333333,2.0,1,1,1,1.0,0,1
8930,-0.32028469750889677,-1.2820512820512822,-0.31034482758620685,1.0159268211897194,0.18956521739130433,0.04509064077658251,0.16666666666666666,0.6666666666666666,0.7333333333333333,3.0,1,1,1,1.0,1,0
8970,0.0747330960854093,-0.9230769230769231,-0.5160919540229885,1.598933043925609,-0.015652173913043455,-0.4549093592234177,0.0,0.6666666666666666,-0.5333333333333333,3.0,1,1,1,1.0,0,0
9018,-0.2669039145907473,0.0,-0.14942528735632174,0.17017033241953783,0.4886956521739128,0.3937144939875918,-0.6666666666666666,1.0,0.5333333333333333,2.0,0,1,0,1.0,0,1
9026,-0.23131672597864766,0.0,0.439080459770115,-0.27633034764163245,0.34956521739130403,0.2102282554554814,-0.3333333333333333,0.6666666666666666,0.3333333333333333,3.0,0,1,0,1.0,0,0
9070,-0.5160142348754448,-1.2820512820512822,-0.5172413793103448,0.31993882973100585,0.1339130434782608,-0.028303854636261633,-0.16666666666666666,1.0,-0.13333333333333333,3.0,0,0,1,1.0,0,0
9094,0.2811387900355871,-0.9230769230769231,-0.36781609195402293,0.8701752655057471,-0.4921739130434783,-1.083349726195895,-0.16666666666666666,0.6666666666666666,0.26666666666666666,3.0,0,1,0,1.0,0,0
9103,-0.3309608540925267,-0.9230769230769231,-0.6781609195402298,1.5973121727425845,-0.2747826086956522,-0.796652478489473,0.0,0.3333333333333333,-0.6,3.0,0,1,1,1.0,1,0
9137,-0.32028469750889677,-1.2820512820512822,-0.31034482758620685,0.020726009344674733,0.18956521739130433,0.04509064077658251,0.0,0.3333333333333333,0.5333333333333333,2.0,1,1,1,1.0,1,0
9139,-0.30249110320284694,-1.2820512820512822,-0.14942528735632174,0.18785897011254485,0.6921739130434783,0.7079346774738307,1.0,-1.0,0.2,2.0,1,1,1,1.0,0,1
9148,0.1779359430604982,1.205128205128205,0.43678160919540243,-0.5782070345809344,0.6713043478260868,-0.2599552307830511,1.0,-0.3333333333333333,0.26666666666666666,3.0,1,1,1,1.0,0,1
9149,-0.30249110320284694,-1.2820512820512822,-0.13793103448275856,0.19847215272834903,0.7321739130434785,0.7606869710518125,-0.8333333333333334,0.0,-0.7333333333333333,2.0,1,1,1,1.0,0,1
9198,1.601423487544484,-1.2820512820512822,1.264367816091954,0.6096237464675579,-0.15999999999999998,-0.4159185335353443,-0.16666666666666666,1.0,-0.6666666666666666,3.0,1,1,1,1.0,0,0
9207,-0.32028469750889677,-1.2820512820512822,-0.4942528735632183,-0.30902966194264936,-0.4730434782608697,-0.8287625702325924,0.16666666666666666,0.3333333333333333,0.5333333333333333,3.0,1,1,1,1.0,0,0
9267,-0.32028469750889677,-1.2820512820512822,-0.4022988505747126,0.1081825805678687,-0.14260869565217396,-0.39298275371883057,0.5,0.0,0.8666666666666667,2.0,1,1,1,1.0,0,0
9282,-0.3380782918149466,-1.2820512820512822,-0.31034482758620685,-0.2470841936870591,0.2539130434782607,0.1299530260976834,0.6666666666666666,0.0,-1.0,3.0,1,1,1,1.0,0,1
9288,-0.30960854092526685,-0.9230769230769231,-0.7528735632183907,1.2180705995109198,-0.5043478260869566,-1.099404772067455,-0.16666666666666666,-0.3333333333333333,0.9333333333333333,3.0,0,1,1,1.0,1,0
9322,-0.07829181494661919,-0.9230769230769231,-0.160919540229885,0.0759906694197986,-0.06260869565217413,-0.5168359647280052,1.0,0.6666666666666666,-0.2,2.0,1,0,1,1.0,0,0
9336,0.21352313167259784,-1.2820512820512822,0.7126436781609197,0.17162206921824677,1.2173913043478262,1.4005952279325466,1.0,0.3333333333333333,-0.9333333333333333,2.0,1,1,1,1.0,0,1
9337,0.19572953736654802,0.0,0.5252873563218392,0.14628010063495867,0.8713043478260866,0.8983016499508947,-0.8333333333333334,0.0,1.0,2.0,0,0,1,1.0,0,1
9379,0.09252669039145912,-0.9230769230769231,0.41264367816091957,-0.42697270593873105,-0.1982608695652175,-0.4663772491316747,0.0,-0.6666666666666666,-0.5333333333333333,3.0,0,1,1,1.0,0,0
9380,1.8149466192170818,4.948717948717949,4.919540229885057,-0.718151643070071,2.008695652173913,1.6184851361894272,1.0,1.0,-0.3333333333333333,2.0,0,1,1,1.0,0,0
9441,-0.32028469750889677,-1.2820512820512822,-0.47126436781609193,0.3285364942670491,-0.391304347826087,-0.7209644050949775,-0.16666666666666666,-0.3333333333333333,0.5333333333333333,3.0,1,1,1,1.0,0,0
9495,0.09074733096085398,-0.9230769230769231,-0.4333333333333333,0.67662915172059,-0.14434782608695654,-0.6246341298656197,0.6666666666666666,1.0,-0.4666666666666667,3.0,0,1,1,1.0,0,0
9507,-0.32028469750889677,-1.2820512820512822,-0.2643678160919539,-0.20394083115455358,0.35478260869565204,0.2629805490334633,0.8333333333333334,0.3333333333333333,-0.2,2.0,1,1,1,1.0,0,1
9530,0.03558718861209964,-1.2820512820512822,0.35632183908045995,0.16667488847701534,0.9478260869565216,1.045090640776583,0.8333333333333334,-1.0,0.8,2.0,0,0,1,1.0,0,1
9560,-0.5693950177935942,-0.9230769230769231,-0.14482758620689642,-0.25930415295386156,-0.015652173913043455,-0.22555156105827995,0.8333333333333334,0.6666666666666666,-0.2,3.0,0,0,1,1.0,0,0
9586,-0.9786476868327402,0.0,-0.4942528735632183,-0.10316492716650576,0.29739130434782624,0.14142091600594076,0.16666666666666666,0.0,0.2,3.0,1,0,0,1.0,0,0
9591,0.2384341637010677,-0.9230769230769231,0.110344827586207,-0.576078760244963,-0.0956521739130436,-0.5604139463793812,0.5,1.0,0.4666666666666667,3.0,1,1,1,1.0,0,0
9637,-0.32028469750889677,-1.2820512820512822,-0.4367816091954022,0.6451137781097823,-0.2660869565217393,-0.5558267904160786,0.0,-1.0,0.13333333333333333,3.0,1,1,1,1.0,0,0
9696,-0.5516014234875445,-1.2820512820512822,-0.47126436781609193,-0.5929358205484182,0.5565217391304347,0.529035594905023,0.6666666666666666,-1.0,-0.6666666666666666,3.0,1,0,1,1.0,1,1
9737,-0.32028469750889677,0.0,-0.32413793103448274,-0.8967434583753233,0.14086956521739108,-0.0650011023426837,0.0,-0.6666666666666666,-0.4666666666666667,3.0,0,1,0,1.0,0,0
